SMOS1.txt,User.txt
SMOS1.txt,Role.txt
SMOS1.txt,UserListItem.txt
SMOS1.txt,managerUser.txt
SMOS1.txt,ServletLogin.txt
SMOS1.txt,ServletLogout.txt
SMOS1.txt,ServletAlterPersonalDate.txt
SMOS2.txt,User.txt
SMOS2.txt,Role.txt
SMOS2.txt,UserListItem.txt
SMOS2.txt,managerUser.txt
SMOS2.txt,ServletLogin.txt
SMOS2.txt,ServletLogout.txt
SMOS2.txt,ServletAlterPersonalDate.txt
SMOS3.txt,User.txt
SMOS3.txt,Role.txt
SMOS3.txt,UserListItem.txt
SMOS3.txt,managerUser.txt
SMOS3.txt,ServletLogin.txt
SMOS3.txt,ServletLogout.txt
SMOS3.txt,ServletAlterPersonalDate.txt
SMOS4.txt,User.txt
SMOS4.txt,Role.txt
SMOS4.txt,UserListItem.txt
SMOS4.txt,managerUser.txt
SMOS4.txt,ServletLogin.txt
SMOS4.txt,ServletLogout.txt
SMOS4.txt,ServletAlterPersonalDate.txt
SMOS5.txt,User.txt
SMOS5.txt,Role.txt
SMOS5.txt,UserListItem.txt
SMOS5.txt,managerUser.txt
SMOS5.txt,ServletShowUserTeachingForm.txt
SMOS5.txt,ServletRemoveStudentClassroom.txt
SMOS5.txt,ServletShowTeacherTeachingFormByClass.txt
SMOS5.txt,ServletShowUserRoleForm.txt
SMOS5.txt,ServletAddTeachingAsTeacher.txt
SMOS5.txt,ServletAssignParentStudent.txt
SMOS5.txt,ServletAssignRole.txt
SMOS5.txt,ServletInsertUser.txt
SMOS5.txt,ServletRemoveTeachingAsTeacher.txt
SMOS5.txt,ServletAssignStudentClassroom.txt
SMOS5.txt,ServletDeleteUser.txt
SMOS5.txt,ServletReportTeachings.txt
SMOS5.txt,ServletUpdateUser.txt
SMOS5.txt,ServletShowUserList.txt
SMOS5.txt,ServletShowUserDetails.txt
SMOS6.txt,User.txt
SMOS6.txt,Role.txt
SMOS6.txt,UserListItem.txt
SMOS6.txt,managerUser.txt
SMOS6.txt,ServletShowUserTeachingForm.txt
SMOS6.txt,ServletRemoveStudentClassroom.txt
SMOS6.txt,ServletShowTeacherTeachingFormByClass.txt
SMOS6.txt,ServletShowUserRoleForm.txt
SMOS6.txt,ServletAddTeachingAsTeacher.txt
SMOS6.txt,ServletAssignParentStudent.txt
SMOS6.txt,ServletAssignRole.txt
SMOS6.txt,ServletInsertUser.txt
SMOS6.txt,ServletRemoveTeachingAsTeacher.txt
SMOS6.txt,ServletAssignStudentClassroom.txt
SMOS6.txt,ServletDeleteUser.txt
SMOS6.txt,ServletReportTeachings.txt
SMOS6.txt,ServletUpdateUser.txt
SMOS6.txt,ServletShowUserList.txt
SMOS6.txt,ServletShowUserDetails.txt
SMOS7.txt,User.txt
SMOS7.txt,Role.txt
SMOS7.txt,UserListItem.txt
SMOS7.txt,managerUser.txt
SMOS7.txt,ServletShowUserTeachingForm.txt
SMOS7.txt,ServletRemoveStudentClassroom.txt
SMOS7.txt,ServletShowTeacherTeachingFormByClass.txt
SMOS7.txt,ServletShowUserRoleForm.txt
SMOS7.txt,ServletAddTeachingAsTeacher.txt
SMOS7.txt,ServletAssignParentStudent.txt
SMOS7.txt,ServletAssignRole.txt
SMOS7.txt,ServletInsertUser.txt
SMOS7.txt,ServletRemoveTeachingAsTeacher.txt
SMOS7.txt,ServletAssignStudentClassroom.txt
SMOS7.txt,ServletDeleteUser.txt
SMOS7.txt,ServletReportTeachings.txt
SMOS7.txt,ServletUpdateUser.txt
SMOS7.txt,ServletShowUserList.txt
SMOS7.txt,ServletShowUserDetails.txt
SMOS8.txt,User.txt
SMOS8.txt,Role.txt
SMOS8.txt,UserListItem.txt
SMOS8.txt,managerUser.txt
SMOS8.txt,ServletShowUserTeachingForm.txt
SMOS8.txt,ServletRemoveStudentClassroom.txt
SMOS8.txt,ServletShowTeacherTeachingFormByClass.txt
SMOS8.txt,ServletShowUserRoleForm.txt
SMOS8.txt,ServletAddTeachingAsTeacher.txt
SMOS8.txt,ServletAssignParentStudent.txt
SMOS8.txt,ServletAssignRole.txt
SMOS8.txt,ServletInsertUser.txt
SMOS8.txt,ServletRemoveTeachingAsTeacher.txt
SMOS8.txt,ServletAssignStudentClassroom.txt
SMOS8.txt,ServletDeleteUser.txt
SMOS8.txt,ServletReportTeachings.txt
SMOS8.txt,ServletUpdateUser.txt
SMOS8.txt,ServletShowUserList.txt
SMOS8.txt,ServletShowUserDetails.txt
SMOS9.txt,User.txt
SMOS9.txt,Role.txt
SMOS9.txt,UserListItem.txt
SMOS9.txt,managerUser.txt
SMOS9.txt,ServletShowUserTeachingForm.txt
SMOS9.txt,ServletRemoveStudentClassroom.txt
SMOS9.txt,ServletShowTeacherTeachingFormByClass.txt
SMOS9.txt,ServletShowUserRoleForm.txt
SMOS9.txt,ServletAddTeachingAsTeacher.txt
SMOS9.txt,ServletAssignParentStudent.txt
SMOS9.txt,ServletAssignRole.txt
SMOS9.txt,ServletInsertUser.txt
SMOS9.txt,ServletRemoveTeachingAsTeacher.txt
SMOS9.txt,ServletAssignStudentClassroom.txt
SMOS9.txt,ServletDeleteUser.txt
SMOS9.txt,ServletReportTeachings.txt
SMOS9.txt,ServletUpdateUser.txt
SMOS9.txt,ServletShowUserList.txt
SMOS9.txt,ServletShowUserDetails.txt
SMOS10.txt,User.txt
SMOS10.txt,Role.txt
SMOS10.txt,UserListItem.txt
SMOS10.txt,managerUser.txt
SMOS10.txt,ServletShowUserTeachingForm.txt
SMOS10.txt,ServletRemoveStudentClassroom.txt
SMOS10.txt,ServletShowTeacherTeachingFormByClass.txt
SMOS10.txt,ServletShowUserRoleForm.txt
SMOS10.txt,ServletAddTeachingAsTeacher.txt
SMOS10.txt,ServletAssignParentStudent.txt
SMOS10.txt,ServletAssignRole.txt
SMOS10.txt,ServletInsertUser.txt
SMOS10.txt,ServletRemoveTeachingAsTeacher.txt
SMOS10.txt,ServletAssignStudentClassroom.txt
SMOS10.txt,ServletDeleteUser.txt
SMOS10.txt,ServletReportTeachings.txt
SMOS10.txt,ServletUpdateUser.txt
SMOS10.txt,ServletShowUserList.txt
SMOS10.txt,ServletShowUserDetails.txt
SMOS11.txt,User.txt
SMOS11.txt,Role.txt
SMOS11.txt,UserListItem.txt
SMOS11.txt,managerUser.txt
SMOS11.txt,ServletShowUserTeachingForm.txt
SMOS11.txt,ServletRemoveStudentClassroom.txt
SMOS11.txt,ServletShowTeacherTeachingFormByClass.txt
SMOS11.txt,ServletShowUserRoleForm.txt
SMOS11.txt,ServletAddTeachingAsTeacher.txt
SMOS11.txt,ServletAssignParentStudent.txt
SMOS11.txt,ServletAssignRole.txt
SMOS11.txt,ServletInsertUser.txt
SMOS11.txt,ServletRemoveTeachingAsTeacher.txt
SMOS11.txt,ServletAssignStudentClassroom.txt
SMOS11.txt,ServletDeleteUser.txt
SMOS11.txt,ServletReportTeachings.txt
SMOS11.txt,ServletUpdateUser.txt
SMOS11.txt,ServletShowUserList.txt
SMOS11.txt,ServletShowUserDetails.txt
SMOS12.txt,User.txt
SMOS12.txt,Role.txt
SMOS12.txt,UserListItem.txt
SMOS12.txt,managerUser.txt
SMOS12.txt,ServletShowUserTeachingForm.txt
SMOS12.txt,ServletRemoveStudentClassroom.txt
SMOS12.txt,ServletShowTeacherTeachingFormByClass.txt
SMOS12.txt,ServletShowUserRoleForm.txt
SMOS12.txt,ServletAddTeachingAsTeacher.txt
SMOS12.txt,ServletAssignParentStudent.txt
SMOS12.txt,ServletAssignRole.txt
SMOS12.txt,ServletInsertUser.txt
SMOS12.txt,ServletRemoveTeachingAsTeacher.txt
SMOS12.txt,ServletAssignStudentClassroom.txt
SMOS12.txt,ServletDeleteUser.txt
SMOS12.txt,ServletReportTeachings.txt
SMOS12.txt,ServletUpdateUser.txt
SMOS12.txt,ServletShowUserList.txt
SMOS12.txt,ServletShowUserDetails.txt
SMOS13.txt,User.txt
SMOS13.txt,Role.txt
SMOS13.txt,UserListItem.txt
SMOS13.txt,managerUser.txt
SMOS13.txt,ServletShowUserTeachingForm.txt
SMOS13.txt,ServletRemoveStudentClassroom.txt
SMOS13.txt,ServletShowTeacherTeachingFormByClass.txt
SMOS13.txt,ServletShowUserRoleForm.txt
SMOS13.txt,ServletAddTeachingAsTeacher.txt
SMOS13.txt,ServletAssignParentStudent.txt
SMOS13.txt,ServletAssignRole.txt
SMOS13.txt,ServletInsertUser.txt
SMOS13.txt,ServletRemoveTeachingAsTeacher.txt
SMOS13.txt,ServletAssignStudentClassroom.txt
SMOS13.txt,ServletDeleteUser.txt
SMOS13.txt,ServletReportTeachings.txt
SMOS13.txt,ServletUpdateUser.txt
SMOS13.txt,ServletShowUserList.txt
SMOS13.txt,ServletShowUserDetails.txt
SMOS14.txt,Classroom.txt
SMOS14.txt,Teaching.txt
SMOS14.txt,Address.txt
SMOS14.txt,ManagerClassroom.txt
SMOS14.txt,ManagerTeaching.txt
SMOS14.txt,ManagerAddress.txt
SMOS14.txt,ServletShowAddressDetails.txt
SMOS14.txt,ServletShowAddressList.txt
SMOS14.txt,ServletAddRemoveTeachingsAsAddress.txt
SMOS14.txt,ServletAddressTeachings.txt
SMOS14.txt,ServletInsertAddress.txt
SMOS14.txt,ServletDeleteAddress.txt
SMOS14.txt,ServletShowClassroomDetails.txt
SMOS14.txt,ServletShowClassroomList.txt
SMOS14.txt,ServletInsertClassroom.txt
SMOS14.txt,ServletDeleteClassroom.txt
SMOS14.txt,ServletShowTeachingDetails.txt
SMOS14.txt,ServletInsertTeaching.txt
SMOS14.txt,ServletUpdateTeaching.txt
SMOS14.txt,ServletDeleteTeaching.txt
SMOS15.txt,Classroom.txt
SMOS15.txt,Teaching.txt
SMOS15.txt,Address.txt
SMOS15.txt,ManagerClassroom.txt
SMOS15.txt,ManagerTeaching.txt
SMOS15.txt,ManagerAddress.txt
SMOS15.txt,ServletShowAddressDetails.txt
SMOS15.txt,ServletShowAddressList.txt
SMOS15.txt,ServletAddRemoveTeachingsAsAddress.txt
SMOS15.txt,ServletAddressTeachings.txt
SMOS15.txt,ServletInsertAddress.txt
SMOS15.txt,ServletDeleteAddress.txt
SMOS15.txt,ServletShowClassroomDetails.txt
SMOS15.txt,ServletShowClassroomList.txt
SMOS15.txt,ServletInsertClassroom.txt
SMOS15.txt,ServletDeleteClassroom.txt
SMOS15.txt,ServletShowTeachingDetails.txt
SMOS15.txt,ServletInsertTeaching.txt
SMOS15.txt,ServletUpdateTeaching.txt
SMOS15.txt,ServletDeleteTeaching.txt
SMOS16.txt,Classroom.txt
SMOS16.txt,Teaching.txt
SMOS16.txt,Address.txt
SMOS16.txt,ManagerClassroom.txt
SMOS16.txt,ManagerTeaching.txt
SMOS16.txt,ManagerAddress.txt
SMOS16.txt,ServletShowAddressDetails.txt
SMOS16.txt,ServletShowAddressList.txt
SMOS16.txt,ServletAddRemoveTeachingsAsAddress.txt
SMOS16.txt,ServletAddressTeachings.txt
SMOS16.txt,ServletInsertAddress.txt
SMOS16.txt,ServletDeleteAddress.txt
SMOS16.txt,ServletShowClassroomDetails.txt
SMOS16.txt,ServletShowClassroomList.txt
SMOS16.txt,ServletInsertClassroom.txt
SMOS16.txt,ServletDeleteClassroom.txt
SMOS16.txt,ServletShowTeachingDetails.txt
SMOS16.txt,ServletInsertTeaching.txt
SMOS16.txt,ServletUpdateTeaching.txt
SMOS16.txt,ServletDeleteTeaching.txt
SMOS17.txt,Classroom.txt
SMOS17.txt,Teaching.txt
SMOS17.txt,Address.txt
SMOS17.txt,ManagerClassroom.txt
SMOS17.txt,ManagerTeaching.txt
SMOS17.txt,ManagerAddress.txt
SMOS17.txt,ServletShowAddressDetails.txt
SMOS17.txt,ServletShowAddressList.txt
SMOS17.txt,ServletAddRemoveTeachingsAsAddress.txt
SMOS17.txt,ServletAddressTeachings.txt
SMOS17.txt,ServletInsertAddress.txt
SMOS17.txt,ServletDeleteAddress.txt
SMOS17.txt,ServletShowClassroomDetails.txt
SMOS17.txt,ServletShowClassroomList.txt
SMOS17.txt,ServletInsertClassroom.txt
SMOS17.txt,ServletDeleteClassroom.txt
SMOS17.txt,ServletShowTeachingDetails.txt
SMOS17.txt,ServletInsertTeaching.txt
SMOS17.txt,ServletUpdateTeaching.txt
SMOS17.txt,ServletDeleteTeaching.txt
SMOS18.txt,Classroom.txt
SMOS18.txt,Teaching.txt
SMOS18.txt,Address.txt
SMOS18.txt,ManagerClassroom.txt
SMOS18.txt,ManagerTeaching.txt
SMOS18.txt,ManagerAddress.txt
SMOS18.txt,ServletShowAddressDetails.txt
SMOS18.txt,ServletShowAddressList.txt
SMOS18.txt,ServletAddRemoveTeachingsAsAddress.txt
SMOS18.txt,ServletAddressTeachings.txt
SMOS18.txt,ServletInsertAddress.txt
SMOS18.txt,ServletDeleteAddress.txt
SMOS18.txt,ServletShowClassroomDetails.txt
SMOS18.txt,ServletShowClassroomList.txt
SMOS18.txt,ServletInsertClassroom.txt
SMOS18.txt,ServletDeleteClassroom.txt
SMOS18.txt,ServletShowTeachingDetails.txt
SMOS18.txt,ServletInsertTeaching.txt
SMOS18.txt,ServletUpdateTeaching.txt
SMOS18.txt,ServletDeleteTeaching.txt
SMOS19.txt,Classroom.txt
SMOS19.txt,Teaching.txt
SMOS19.txt,Address.txt
SMOS19.txt,ManagerClassroom.txt
SMOS19.txt,ManagerTeaching.txt
SMOS19.txt,ManagerAddress.txt
SMOS19.txt,ServletShowAddressDetails.txt
SMOS19.txt,ServletShowAddressList.txt
SMOS19.txt,ServletAddRemoveTeachingsAsAddress.txt
SMOS19.txt,ServletAddressTeachings.txt
SMOS19.txt,ServletInsertAddress.txt
SMOS19.txt,ServletDeleteAddress.txt
SMOS19.txt,ServletShowClassroomDetails.txt
SMOS19.txt,ServletShowClassroomList.txt
SMOS19.txt,ServletInsertClassroom.txt
SMOS19.txt,ServletDeleteClassroom.txt
SMOS19.txt,ServletShowTeachingDetails.txt
SMOS19.txt,ServletInsertTeaching.txt
SMOS19.txt,ServletUpdateTeaching.txt
SMOS19.txt,ServletDeleteTeaching.txt
SMOS20.txt,Classroom.txt
SMOS20.txt,Teaching.txt
SMOS20.txt,Address.txt
SMOS20.txt,ManagerClassroom.txt
SMOS20.txt,ManagerTeaching.txt
SMOS20.txt,ManagerAddress.txt
SMOS20.txt,ServletShowAddressDetails.txt
SMOS20.txt,ServletShowAddressList.txt
SMOS20.txt,ServletAddRemoveTeachingsAsAddress.txt
SMOS20.txt,ServletAddressTeachings.txt
SMOS20.txt,ServletInsertAddress.txt
SMOS20.txt,ServletDeleteAddress.txt
SMOS20.txt,ServletShowClassroomDetails.txt
SMOS20.txt,ServletShowClassroomList.txt
SMOS20.txt,ServletInsertClassroom.txt
SMOS20.txt,ServletDeleteClassroom.txt
SMOS20.txt,ServletShowTeachingDetails.txt
SMOS20.txt,ServletInsertTeaching.txt
SMOS20.txt,ServletUpdateTeaching.txt
SMOS20.txt,ServletDeleteTeaching.txt
SMOS21.txt,Classroom.txt
SMOS21.txt,Teaching.txt
SMOS21.txt,Address.txt
SMOS21.txt,ManagerClassroom.txt
SMOS21.txt,ManagerTeaching.txt
SMOS21.txt,ManagerAddress.txt
SMOS21.txt,ServletShowAddressDetails.txt
SMOS21.txt,ServletShowAddressList.txt
SMOS21.txt,ServletAddRemoveTeachingsAsAddress.txt
SMOS21.txt,ServletAddressTeachings.txt
SMOS21.txt,ServletInsertAddress.txt
SMOS21.txt,ServletDeleteAddress.txt
SMOS21.txt,ServletShowClassroomDetails.txt
SMOS21.txt,ServletShowClassroomList.txt
SMOS21.txt,ServletInsertClassroom.txt
SMOS21.txt,ServletDeleteClassroom.txt
SMOS21.txt,ServletShowTeachingDetails.txt
SMOS21.txt,ServletInsertTeaching.txt
SMOS21.txt,ServletUpdateTeaching.txt
SMOS21.txt,ServletDeleteTeaching.txt
SMOS22.txt,Classroom.txt
SMOS22.txt,Teaching.txt
SMOS22.txt,Address.txt
SMOS22.txt,ManagerClassroom.txt
SMOS22.txt,ManagerTeaching.txt
SMOS22.txt,ManagerAddress.txt
SMOS22.txt,ServletShowAddressDetails.txt
SMOS22.txt,ServletShowAddressList.txt
SMOS22.txt,ServletAddRemoveTeachingsAsAddress.txt
SMOS22.txt,ServletAddressTeachings.txt
SMOS22.txt,ServletInsertAddress.txt
SMOS22.txt,ServletDeleteAddress.txt
SMOS22.txt,ServletShowClassroomDetails.txt
SMOS22.txt,ServletShowClassroomList.txt
SMOS22.txt,ServletInsertClassroom.txt
SMOS22.txt,ServletDeleteClassroom.txt
SMOS22.txt,ServletShowTeachingDetails.txt
SMOS22.txt,ServletInsertTeaching.txt
SMOS22.txt,ServletUpdateTeaching.txt
SMOS22.txt,ServletDeleteTeaching.txt
SMOS23.txt,Classroom.txt
SMOS23.txt,Teaching.txt
SMOS23.txt,Address.txt
SMOS23.txt,ManagerClassroom.txt
SMOS23.txt,ManagerTeaching.txt
SMOS23.txt,ManagerAddress.txt
SMOS23.txt,ServletShowAddressDetails.txt
SMOS23.txt,ServletShowAddressList.txt
SMOS23.txt,ServletAddRemoveTeachingsAsAddress.txt
SMOS23.txt,ServletAddressTeachings.txt
SMOS23.txt,ServletInsertAddress.txt
SMOS23.txt,ServletDeleteAddress.txt
SMOS23.txt,ServletShowClassroomDetails.txt
SMOS23.txt,ServletShowClassroomList.txt
SMOS23.txt,ServletInsertClassroom.txt
SMOS23.txt,ServletDeleteClassroom.txt
SMOS23.txt,ServletShowTeachingDetails.txt
SMOS23.txt,ServletInsertTeaching.txt
SMOS23.txt,ServletUpdateTeaching.txt
SMOS23.txt,ServletDeleteTeaching.txt
SMOS24.txt,Classroom.txt
SMOS24.txt,Teaching.txt
SMOS24.txt,Address.txt
SMOS24.txt,ManagerClassroom.txt
SMOS24.txt,ManagerTeaching.txt
SMOS24.txt,ManagerAddress.txt
SMOS24.txt,ServletShowAddressDetails.txt
SMOS24.txt,ServletShowAddressList.txt
SMOS24.txt,ServletAddRemoveTeachingsAsAddress.txt
SMOS24.txt,ServletAddressTeachings.txt
SMOS24.txt,ServletInsertAddress.txt
SMOS24.txt,ServletDeleteAddress.txt
SMOS24.txt,ServletShowClassroomDetails.txt
SMOS24.txt,ServletShowClassroomList.txt
SMOS24.txt,ServletInsertClassroom.txt
SMOS24.txt,ServletDeleteClassroom.txt
SMOS24.txt,ServletShowTeachingDetails.txt
SMOS24.txt,ServletInsertTeaching.txt
SMOS24.txt,ServletUpdateTeaching.txt
SMOS24.txt,ServletDeleteTeaching.txt
SMOS25.txt,Classroom.txt
SMOS25.txt,Teaching.txt
SMOS25.txt,Address.txt
SMOS25.txt,ManagerClassroom.txt
SMOS25.txt,ManagerTeaching.txt
SMOS25.txt,ManagerAddress.txt
SMOS25.txt,ServletShowAddressDetails.txt
SMOS25.txt,ServletShowAddressList.txt
SMOS25.txt,ServletAddRemoveTeachingsAsAddress.txt
SMOS25.txt,ServletAddressTeachings.txt
SMOS25.txt,ServletInsertAddress.txt
SMOS25.txt,ServletDeleteAddress.txt
SMOS25.txt,ServletShowClassroomDetails.txt
SMOS25.txt,ServletShowClassroomList.txt
SMOS25.txt,ServletInsertClassroom.txt
SMOS25.txt,ServletDeleteClassroom.txt
SMOS25.txt,ServletShowTeachingDetails.txt
SMOS25.txt,ServletInsertTeaching.txt
SMOS25.txt,ServletUpdateTeaching.txt
SMOS25.txt,ServletDeleteTeaching.txt
SMOS26.txt,Classroom.txt
SMOS26.txt,Teaching.txt
SMOS26.txt,Address.txt
SMOS26.txt,ManagerClassroom.txt
SMOS26.txt,ManagerTeaching.txt
SMOS26.txt,ManagerAddress.txt
SMOS26.txt,ServletShowAddressDetails.txt
SMOS26.txt,ServletShowAddressList.txt
SMOS26.txt,ServletAddRemoveTeachingsAsAddress.txt
SMOS26.txt,ServletAddressTeachings.txt
SMOS26.txt,ServletInsertAddress.txt
SMOS26.txt,ServletDeleteAddress.txt
SMOS26.txt,ServletShowClassroomDetails.txt
SMOS26.txt,ServletShowClassroomList.txt
SMOS26.txt,ServletInsertClassroom.txt
SMOS26.txt,ServletDeleteClassroom.txt
SMOS26.txt,ServletShowTeachingDetails.txt
SMOS26.txt,ServletInsertTeaching.txt
SMOS26.txt,ServletUpdateTeaching.txt
SMOS26.txt,ServletDeleteTeaching.txt
SMOS27.txt,Absence.txt
SMOS27.txt,RegisterLine.txt
SMOS27.txt,Delay.txt
SMOS27.txt,Note.txt
SMOS27.txt,Justify.txt
SMOS27.txt,ManagerRegister.txt
SMOS27.txt,ServletUpdateJustify.txt
SMOS27.txt,ServletShowNoteDetails.txt
SMOS27.txt,ServletUpdateRegister.txt
SMOS27.txt,ServletDeleteJustify.txt
SMOS27.txt,ServletDeleteNote.txt
SMOS27.txt,ServletShowJustifyList.txt
SMOS27.txt,ServletShowJustifyDetails.txt
SMOS27.txt,ServletInsertNewNote.txt
SMOS27.txt,ServletInsertJustify.txt
SMOS27.txt,ServletShowRegister.txt
SMOS27.txt,ServletComputateStatistics.txt
SMOS28.txt,Absence.txt
SMOS28.txt,RegisterLine.txt
SMOS28.txt,Delay.txt
SMOS28.txt,Note.txt
SMOS28.txt,Justify.txt
SMOS28.txt,ManagerRegister.txt
SMOS28.txt,ServletUpdateJustify.txt
SMOS28.txt,ServletShowNoteDetails.txt
SMOS28.txt,ServletUpdateRegister.txt
SMOS28.txt,ServletDeleteJustify.txt
SMOS28.txt,ServletDeleteNote.txt
SMOS28.txt,ServletShowJustifyList.txt
SMOS28.txt,ServletShowJustifyDetails.txt
SMOS28.txt,ServletInsertNewNote.txt
SMOS28.txt,ServletInsertJustify.txt
SMOS28.txt,ServletShowRegister.txt
SMOS28.txt,ServletComputateStatistics.txt
SMOS29.txt,Absence.txt
SMOS29.txt,RegisterLine.txt
SMOS29.txt,Delay.txt
SMOS29.txt,Note.txt
SMOS29.txt,Justify.txt
SMOS29.txt,ManagerRegister.txt
SMOS29.txt,ServletUpdateJustify.txt
SMOS29.txt,ServletShowNoteDetails.txt
SMOS29.txt,ServletUpdateRegister.txt
SMOS29.txt,ServletDeleteJustify.txt
SMOS29.txt,ServletDeleteNote.txt
SMOS29.txt,ServletShowJustifyList.txt
SMOS29.txt,ServletShowJustifyDetails.txt
SMOS29.txt,ServletInsertNewNote.txt
SMOS29.txt,ServletInsertJustify.txt
SMOS29.txt,ServletShowRegister.txt
SMOS29.txt,ServletComputateStatistics.txt
SMOS30.txt,Absence.txt
SMOS30.txt,RegisterLine.txt
SMOS30.txt,Delay.txt
SMOS30.txt,Note.txt
SMOS30.txt,Justify.txt
SMOS30.txt,ManagerRegister.txt
SMOS30.txt,ServletUpdateJustify.txt
SMOS30.txt,ServletShowNoteDetails.txt
SMOS30.txt,ServletUpdateRegister.txt
SMOS30.txt,ServletDeleteJustify.txt
SMOS30.txt,ServletDeleteNote.txt
SMOS30.txt,ServletShowJustifyList.txt
SMOS30.txt,ServletShowJustifyDetails.txt
SMOS30.txt,ServletInsertNewNote.txt
SMOS30.txt,ServletInsertJustify.txt
SMOS30.txt,ServletShowRegister.txt
SMOS30.txt,ServletComputateStatistics.txt
SMOS31.txt,Absence.txt
SMOS31.txt,RegisterLine.txt
SMOS31.txt,Delay.txt
SMOS31.txt,Note.txt
SMOS31.txt,Justify.txt
SMOS31.txt,ManagerRegister.txt
SMOS31.txt,ServletUpdateJustify.txt
SMOS31.txt,ServletShowNoteDetails.txt
SMOS31.txt,ServletUpdateRegister.txt
SMOS31.txt,ServletDeleteJustify.txt
SMOS31.txt,ServletDeleteNote.txt
SMOS31.txt,ServletShowJustifyList.txt
SMOS31.txt,ServletShowJustifyDetails.txt
SMOS31.txt,ServletInsertNewNote.txt
SMOS31.txt,ServletInsertJustify.txt
SMOS31.txt,ServletShowRegister.txt
SMOS31.txt,ServletComputateStatistics.txt
SMOS32.txt,Absence.txt
SMOS32.txt,RegisterLine.txt
SMOS32.txt,Delay.txt
SMOS32.txt,Note.txt
SMOS32.txt,Justify.txt
SMOS32.txt,ManagerRegister.txt
SMOS32.txt,ServletUpdateJustify.txt
SMOS32.txt,ServletShowNoteDetails.txt
SMOS32.txt,ServletUpdateRegister.txt
SMOS32.txt,ServletDeleteJustify.txt
SMOS32.txt,ServletDeleteNote.txt
SMOS32.txt,ServletShowJustifyList.txt
SMOS32.txt,ServletShowJustifyDetails.txt
SMOS32.txt,ServletInsertNewNote.txt
SMOS32.txt,ServletInsertJustify.txt
SMOS32.txt,ServletShowRegister.txt
SMOS32.txt,ServletComputateStatistics.txt
SMOS33.txt,Absence.txt
SMOS33.txt,RegisterLine.txt
SMOS33.txt,Delay.txt
SMOS33.txt,Note.txt
SMOS33.txt,Justify.txt
SMOS33.txt,ManagerRegister.txt
SMOS33.txt,ServletUpdateJustify.txt
SMOS33.txt,ServletShowNoteDetails.txt
SMOS33.txt,ServletUpdateRegister.txt
SMOS33.txt,ServletDeleteJustify.txt
SMOS33.txt,ServletDeleteNote.txt
SMOS33.txt,ServletShowJustifyList.txt
SMOS33.txt,ServletShowJustifyDetails.txt
SMOS33.txt,ServletInsertNewNote.txt
SMOS33.txt,ServletInsertJustify.txt
SMOS33.txt,ServletShowRegister.txt
SMOS33.txt,ServletComputateStatistics.txt
SMOS34.txt,Absence.txt
SMOS34.txt,RegisterLine.txt
SMOS34.txt,Delay.txt
SMOS34.txt,Note.txt
SMOS34.txt,Justify.txt
SMOS34.txt,ManagerRegister.txt
SMOS34.txt,ServletUpdateJustify.txt
SMOS34.txt,ServletShowNoteDetails.txt
SMOS34.txt,ServletUpdateRegister.txt
SMOS34.txt,ServletDeleteJustify.txt
SMOS34.txt,ServletDeleteNote.txt
SMOS34.txt,ServletShowJustifyList.txt
SMOS34.txt,ServletShowJustifyDetails.txt
SMOS34.txt,ServletInsertNewNote.txt
SMOS34.txt,ServletInsertJustify.txt
SMOS34.txt,ServletShowRegister.txt
SMOS34.txt,ServletComputateStatistics.txt
SMOS35.txt,Absence.txt
SMOS35.txt,RegisterLine.txt
SMOS35.txt,Delay.txt
SMOS35.txt,Note.txt
SMOS35.txt,Justify.txt
SMOS35.txt,ManagerRegister.txt
SMOS35.txt,ServletUpdateJustify.txt
SMOS35.txt,ServletShowNoteDetails.txt
SMOS35.txt,ServletUpdateRegister.txt
SMOS35.txt,ServletDeleteJustify.txt
SMOS35.txt,ServletDeleteNote.txt
SMOS35.txt,ServletShowJustifyList.txt
SMOS35.txt,ServletShowJustifyDetails.txt
SMOS35.txt,ServletInsertNewNote.txt
SMOS35.txt,ServletInsertJustify.txt
SMOS35.txt,ServletShowRegister.txt
SMOS35.txt,ServletComputateStatistics.txt
SMOS36.txt,Absence.txt
SMOS36.txt,RegisterLine.txt
SMOS36.txt,Delay.txt
SMOS36.txt,Note.txt
SMOS36.txt,Justify.txt
SMOS36.txt,ManagerRegister.txt
SMOS36.txt,ServletUpdateJustify.txt
SMOS36.txt,ServletShowNoteDetails.txt
SMOS36.txt,ServletUpdateRegister.txt
SMOS36.txt,ServletDeleteJustify.txt
SMOS36.txt,ServletDeleteNote.txt
SMOS36.txt,ServletShowJustifyList.txt
SMOS36.txt,ServletShowJustifyDetails.txt
SMOS36.txt,ServletInsertNewNote.txt
SMOS36.txt,ServletInsertJustify.txt
SMOS36.txt,ServletShowRegister.txt
SMOS36.txt,ServletComputateStatistics.txt
SMOS37.txt,Absence.txt
SMOS37.txt,RegisterLine.txt
SMOS37.txt,Delay.txt
SMOS37.txt,Note.txt
SMOS37.txt,Justify.txt
SMOS37.txt,ManagerRegister.txt
SMOS37.txt,ServletUpdateJustify.txt
SMOS37.txt,ServletShowNoteDetails.txt
SMOS37.txt,ServletUpdateRegister.txt
SMOS37.txt,ServletDeleteJustify.txt
SMOS37.txt,ServletDeleteNote.txt
SMOS37.txt,ServletShowJustifyList.txt
SMOS37.txt,ServletShowJustifyDetails.txt
SMOS37.txt,ServletInsertNewNote.txt
SMOS37.txt,ServletInsertJustify.txt
SMOS37.txt,ServletShowRegister.txt
SMOS37.txt,ServletComputateStatistics.txt
SMOS38.txt,Absence.txt
SMOS38.txt,RegisterLine.txt
SMOS38.txt,Delay.txt
SMOS38.txt,Note.txt
SMOS38.txt,Justify.txt
SMOS38.txt,ManagerRegister.txt
SMOS38.txt,ServletUpdateJustify.txt
SMOS38.txt,ServletShowNoteDetails.txt
SMOS38.txt,ServletUpdateRegister.txt
SMOS38.txt,ServletDeleteJustify.txt
SMOS38.txt,ServletDeleteNote.txt
SMOS38.txt,ServletShowJustifyList.txt
SMOS38.txt,ServletShowJustifyDetails.txt
SMOS38.txt,ServletInsertNewNote.txt
SMOS38.txt,ServletInsertJustify.txt
SMOS38.txt,ServletShowRegister.txt
SMOS38.txt,ServletComputateStatistics.txt
SMOS39.txt,Absence.txt
SMOS39.txt,RegisterLine.txt
SMOS39.txt,Delay.txt
SMOS39.txt,Note.txt
SMOS39.txt,Justify.txt
SMOS39.txt,ManagerRegister.txt
SMOS39.txt,ServletUpdateJustify.txt
SMOS39.txt,ServletShowNoteDetails.txt
SMOS39.txt,ServletUpdateRegister.txt
SMOS39.txt,ServletDeleteJustify.txt
SMOS39.txt,ServletDeleteNote.txt
SMOS39.txt,ServletShowJustifyList.txt
SMOS39.txt,ServletShowJustifyDetails.txt
SMOS39.txt,ServletInsertNewNote.txt
SMOS39.txt,ServletInsertJustify.txt
SMOS39.txt,ServletShowRegister.txt
SMOS39.txt,ServletComputateStatistics.txt
SMOS40.txt,Absence.txt
SMOS40.txt,RegisterLine.txt
SMOS40.txt,Delay.txt
SMOS40.txt,Note.txt
SMOS40.txt,Justify.txt
SMOS40.txt,ManagerRegister.txt
SMOS40.txt,ServletUpdateJustify.txt
SMOS40.txt,ServletShowNoteDetails.txt
SMOS40.txt,ServletUpdateRegister.txt
SMOS40.txt,ServletDeleteJustify.txt
SMOS40.txt,ServletDeleteNote.txt
SMOS40.txt,ServletShowJustifyList.txt
SMOS40.txt,ServletShowJustifyDetails.txt
SMOS40.txt,ServletInsertNewNote.txt
SMOS40.txt,ServletInsertJustify.txt
SMOS40.txt,ServletShowRegister.txt
SMOS40.txt,ServletComputateStatistics.txt
SMOS41.txt,Absence.txt
SMOS41.txt,RegisterLine.txt
SMOS41.txt,Delay.txt
SMOS41.txt,Note.txt
SMOS41.txt,Justify.txt
SMOS41.txt,ManagerRegister.txt
SMOS41.txt,ServletUpdateJustify.txt
SMOS41.txt,ServletShowNoteDetails.txt
SMOS41.txt,ServletUpdateRegister.txt
SMOS41.txt,ServletDeleteJustify.txt
SMOS41.txt,ServletDeleteNote.txt
SMOS41.txt,ServletShowJustifyList.txt
SMOS41.txt,ServletShowJustifyDetails.txt
SMOS41.txt,ServletInsertNewNote.txt
SMOS41.txt,ServletInsertJustify.txt
SMOS41.txt,ServletShowRegister.txt
SMOS41.txt,ServletComputateStatistics.txt
SMOS42.txt,Absence.txt
SMOS42.txt,RegisterLine.txt
SMOS42.txt,Delay.txt
SMOS42.txt,Note.txt
SMOS42.txt,Justify.txt
SMOS42.txt,ManagerRegister.txt
SMOS42.txt,ServletUpdateJustify.txt
SMOS42.txt,ServletShowNoteDetails.txt
SMOS42.txt,ServletUpdateRegister.txt
SMOS42.txt,ServletDeleteJustify.txt
SMOS42.txt,ServletDeleteNote.txt
SMOS42.txt,ServletShowJustifyList.txt
SMOS42.txt,ServletShowJustifyDetails.txt
SMOS42.txt,ServletInsertNewNote.txt
SMOS42.txt,ServletInsertJustify.txt
SMOS42.txt,ServletShowRegister.txt
SMOS42.txt,ServletComputateStatistics.txt
SMOS43.txt,Absence.txt
SMOS43.txt,RegisterLine.txt
SMOS43.txt,Delay.txt
SMOS43.txt,Note.txt
SMOS43.txt,Justify.txt
SMOS43.txt,ManagerRegister.txt
SMOS43.txt,ServletUpdateJustify.txt
SMOS43.txt,ServletShowNoteDetails.txt
SMOS43.txt,ServletUpdateRegister.txt
SMOS43.txt,ServletDeleteJustify.txt
SMOS43.txt,ServletDeleteNote.txt
SMOS43.txt,ServletShowJustifyList.txt
SMOS43.txt,ServletShowJustifyDetails.txt
SMOS43.txt,ServletInsertNewNote.txt
SMOS43.txt,ServletInsertJustify.txt
SMOS43.txt,ServletShowRegister.txt
SMOS43.txt,ServletComputateStatistics.txt
SMOS44.txt,Absence.txt
SMOS44.txt,RegisterLine.txt
SMOS44.txt,Delay.txt
SMOS44.txt,Note.txt
SMOS44.txt,Justify.txt
SMOS44.txt,ManagerRegister.txt
SMOS44.txt,ServletUpdateJustify.txt
SMOS44.txt,ServletShowNoteDetails.txt
SMOS44.txt,ServletUpdateRegister.txt
SMOS44.txt,ServletDeleteJustify.txt
SMOS44.txt,ServletDeleteNote.txt
SMOS44.txt,ServletShowJustifyList.txt
SMOS44.txt,ServletShowJustifyDetails.txt
SMOS44.txt,ServletInsertNewNote.txt
SMOS44.txt,ServletInsertJustify.txt
SMOS44.txt,ServletShowRegister.txt
SMOS44.txt,ServletComputateStatistics.txt
SMOS45.txt,Votes.txt
SMOS45.txt,ManagerVotes.txt
SMOS45.txt,ServletShowStudentsByClass.txt
SMOS45.txt,ServletInsertReport.txt
SMOS45.txt,ServletUpdateReport.txt
SMOS45.txt,ServletDeleteReport.txt
SMOS45.txt,ServletShowReports.txt
SMOS45.txt,ServletLoadReport.txt
SMOS45.txt,ServletLoadTeachingList.txt
SMOS46.txt,Votes.txt
SMOS46.txt,ManagerVotes.txt
SMOS46.txt,ServletShowStudentsByClass.txt
SMOS46.txt,ServletInsertReport.txt
SMOS46.txt,ServletUpdateReport.txt
SMOS46.txt,ServletDeleteReport.txt
SMOS46.txt,ServletShowReports.txt
SMOS46.txt,ServletLoadReport.txt
SMOS46.txt,ServletLoadTeachingList.txt
SMOS47.txt,Votes.txt
SMOS47.txt,ManagerVotes.txt
SMOS47.txt,ServletShowStudentsByClass.txt
SMOS47.txt,ServletInsertReport.txt
SMOS47.txt,ServletUpdateReport.txt
SMOS47.txt,ServletDeleteReport.txt
SMOS47.txt,ServletShowReports.txt
SMOS47.txt,ServletLoadReport.txt
SMOS47.txt,ServletLoadTeachingList.txt
SMOS48.txt,Votes.txt
SMOS48.txt,ManagerVotes.txt
SMOS48.txt,ServletShowStudentsByClass.txt
SMOS48.txt,ServletInsertReport.txt
SMOS48.txt,ServletUpdateReport.txt
SMOS48.txt,ServletDeleteReport.txt
SMOS48.txt,ServletShowReports.txt
SMOS48.txt,ServletLoadReport.txt
SMOS48.txt,ServletLoadTeachingList.txt
SMOS49.txt,User.txt
SMOS49.txt,Role.txt
SMOS49.txt,UserListItem.txt
SMOS49.txt,managerUser.txt
SMOS49.txt,ServletShowUserTeachingForm.txt
SMOS49.txt,ServletRemoveStudentClassroom.txt
SMOS49.txt,ServletShowTeacherTeachingFormByClass.txt
SMOS49.txt,ServletShowUserRoleForm.txt
SMOS49.txt,ServletAddTeachingAsTeacher.txt
SMOS49.txt,ServletAssignParentStudent.txt
SMOS49.txt,ServletAssignRole.txt
SMOS49.txt,ServletInsertUser.txt
SMOS49.txt,ServletRemoveTeachingAsTeacher.txt
SMOS49.txt,ServletAssignStudentClassroom.txt
SMOS49.txt,ServletDeleteUser.txt
SMOS49.txt,ServletReportTeachings.txt
SMOS49.txt,ServletUpdateUser.txt
SMOS49.txt,ServletShowUserList.txt
SMOS49.txt,ServletShowUserDetails.txt
SMOS50.txt,User.txt
SMOS50.txt,Role.txt
SMOS50.txt,UserListItem.txt
SMOS50.txt,managerUser.txt
SMOS50.txt,ServletShowUserTeachingForm.txt
SMOS50.txt,ServletRemoveStudentClassroom.txt
SMOS50.txt,ServletShowTeacherTeachingFormByClass.txt
SMOS50.txt,ServletShowUserRoleForm.txt
SMOS50.txt,ServletAddTeachingAsTeacher.txt
SMOS50.txt,ServletAssignParentStudent.txt
SMOS50.txt,ServletAssignRole.txt
SMOS50.txt,ServletInsertUser.txt
SMOS50.txt,ServletRemoveTeachingAsTeacher.txt
SMOS50.txt,ServletAssignStudentClassroom.txt
SMOS50.txt,ServletDeleteUser.txt
SMOS50.txt,ServletReportTeachings.txt
SMOS50.txt,ServletUpdateUser.txt
SMOS50.txt,ServletShowUserList.txt
SMOS50.txt,ServletShowUserDetails.txt
SMOS51.txt,User.txt
SMOS51.txt,Role.txt
SMOS51.txt,UserListItem.txt
SMOS51.txt,managerUser.txt
SMOS51.txt,ServletShowUserTeachingForm.txt
SMOS51.txt,ServletRemoveStudentClassroom.txt
SMOS51.txt,ServletShowTeacherTeachingFormByClass.txt
SMOS51.txt,ServletShowUserRoleForm.txt
SMOS51.txt,ServletAddTeachingAsTeacher.txt
SMOS51.txt,ServletAssignParentStudent.txt
SMOS51.txt,ServletAssignRole.txt
SMOS51.txt,ServletInsertUser.txt
SMOS51.txt,ServletRemoveTeachingAsTeacher.txt
SMOS51.txt,ServletAssignStudentClassroom.txt
SMOS51.txt,ServletDeleteUser.txt
SMOS51.txt,ServletReportTeachings.txt
SMOS51.txt,ServletUpdateUser.txt
SMOS51.txt,ServletShowUserList.txt
SMOS51.txt,ServletShowUserDetails.txt
SMOS52.txt,ManagerVotes.txt
SMOS52.txt,ManagerRegister.txt
SMOS52.txt,Votes.txt
SMOS52.txt,RegisterLine.txt
SMOS52.txt,Absence.txt
SMOS52.txt,Delay.txt
SMOS52.txt,Justify.txt
SMOS52.txt,Note.txt
SMOS52.txt,ServletLoadReport.txt
SMOS52.txt,ServletShowRegister.txt
SMOS53.txt,Absence.txt
SMOS53.txt,RegisterLine.txt
SMOS53.txt,Delay.txt
SMOS53.txt,Note.txt
SMOS53.txt,Justify.txt
SMOS53.txt,ManagerRegister.txt
SMOS53.txt,ServletUpdateJustify.txt
SMOS53.txt,ServletShowNoteDetails.txt
SMOS53.txt,ServletUpdateRegister.txt
SMOS53.txt,ServletDeleteJustify.txt
SMOS53.txt,ServletDeleteNote.txt
SMOS53.txt,ServletShowJustifyList.txt
SMOS53.txt,ServletShowJustifyDetails.txt
SMOS53.txt,ServletInsertNewNote.txt
SMOS53.txt,ServletInsertJustify.txt
SMOS53.txt,ServletShowRegister.txt
SMOS53.txt,ServletComputateStatistics.txt
SMOS54.txt,Absence.txt
SMOS54.txt,RegisterLine.txt
SMOS54.txt,Delay.txt
SMOS54.txt,Note.txt
SMOS54.txt,Justify.txt
SMOS54.txt,ManagerRegister.txt
SMOS54.txt,ServletUpdateJustify.txt
SMOS54.txt,ServletShowNoteDetails.txt
SMOS54.txt,ServletUpdateRegister.txt
SMOS54.txt,ServletDeleteJustify.txt
SMOS54.txt,ServletDeleteNote.txt
SMOS54.txt,ServletShowJustifyList.txt
SMOS54.txt,ServletShowJustifyDetails.txt
SMOS54.txt,ServletInsertNewNote.txt
SMOS54.txt,ServletInsertJustify.txt
SMOS54.txt,ServletShowRegister.txt
SMOS54.txt,ServletComputateStatistics.txt
SMOS55.txt,Absence.txt
SMOS55.txt,RegisterLine.txt
SMOS55.txt,Delay.txt
SMOS55.txt,Note.txt
SMOS55.txt,Justify.txt
SMOS55.txt,ManagerRegister.txt
SMOS55.txt,ServletUpdateJustify.txt
SMOS55.txt,ServletShowNoteDetails.txt
SMOS55.txt,ServletUpdateRegister.txt
SMOS55.txt,ServletDeleteJustify.txt
SMOS55.txt,ServletDeleteNote.txt
SMOS55.txt,ServletShowJustifyList.txt
SMOS55.txt,ServletShowJustifyDetails.txt
SMOS55.txt,ServletInsertNewNote.txt
SMOS55.txt,ServletInsertJustify.txt
SMOS55.txt,ServletShowRegister.txt
SMOS55.txt,ServletComputateStatistics.txt
SMOS56.txt,ManagerVotes.txt
SMOS56.txt,ManagerRegister.txt
SMOS56.txt,Votes.txt
SMOS56.txt,RegisterLine.txt
SMOS56.txt,Absence.txt
SMOS56.txt,Delay.txt
SMOS56.txt,Justify.txt
SMOS56.txt,Note.txt
SMOS56.txt,ServletLoadReport.txt
SMOS56.txt,ServletShowRegister.txt
SMOS57.txt,ManagerVotes.txt
SMOS57.txt,ManagerRegister.txt
SMOS57.txt,Votes.txt
SMOS57.txt,RegisterLine.txt
SMOS57.txt,Absence.txt
SMOS57.txt,Delay.txt
SMOS57.txt,Justify.txt
SMOS57.txt,Note.txt
SMOS57.txt,ServletLoadReport.txt
SMOS57.txt,ServletShowRegister.txt
SMOS58.txt,Votes.txt
SMOS58.txt,ManagerVotes.txt
SMOS58.txt,ServletShowStudentsByClass.txt
SMOS58.txt,ServletInsertReport.txt
SMOS58.txt,ServletUpdateReport.txt
SMOS58.txt,ServletDeleteReport.txt
SMOS58.txt,ServletShowReports.txt
SMOS58.txt,ServletLoadReport.txt
SMOS58.txt,ServletLoadTeachingList.txt
SMOS59.txt,Votes.txt
SMOS59.txt,ManagerVotes.txt
SMOS59.txt,ServletShowStudentsByClass.txt
SMOS59.txt,ServletInsertReport.txt
SMOS59.txt,ServletUpdateReport.txt
SMOS59.txt,ServletDeleteReport.txt
SMOS59.txt,ServletShowReports.txt
SMOS59.txt,ServletLoadReport.txt
SMOS59.txt,ServletLoadTeachingList.txt
SMOS60.txt,ManagerVotes.txt
SMOS60.txt,ManagerRegister.txt
SMOS60.txt,Votes.txt
SMOS60.txt,RegisterLine.txt
SMOS60.txt,Absence.txt
SMOS60.txt,Delay.txt
SMOS60.txt,Justify.txt
SMOS60.txt,Note.txt
SMOS60.txt,ServletLoadReport.txt
SMOS60.txt,ServletShowRegister.txt
SMOS61.txt,ManagerVotes.txt
SMOS61.txt,ManagerRegister.txt
SMOS61.txt,Votes.txt
SMOS61.txt,RegisterLine.txt
SMOS61.txt,Absence.txt
SMOS61.txt,Delay.txt
SMOS61.txt,Justify.txt
SMOS61.txt,Note.txt
SMOS61.txt,ServletLoadReport.txt
SMOS61.txt,ServletShowRegister.txt
SMOS62.txt,Votes.txt
SMOS62.txt,ManagerVotes.txt
SMOS62.txt,ServletShowStudentsByClass.txt
SMOS62.txt,ServletInsertReport.txt
SMOS62.txt,ServletUpdateReport.txt
SMOS62.txt,ServletDeleteReport.txt
SMOS62.txt,ServletShowReports.txt
SMOS62.txt,ServletLoadReport.txt
SMOS62.txt,ServletLoadTeachingList.txt
SMOS63.txt,ManagerVotes.txt
SMOS63.txt,ManagerRegister.txt
SMOS63.txt,Votes.txt
SMOS63.txt,RegisterLine.txt
SMOS63.txt,Absence.txt
SMOS63.txt,Delay.txt
SMOS63.txt,Justify.txt
SMOS63.txt,Note.txt
SMOS63.txt,ServletLoadReport.txt
SMOS63.txt,ServletShowRegister.txt
SMOS64.txt,ManagerVotes.txt
SMOS64.txt,ManagerRegister.txt
SMOS64.txt,Votes.txt
SMOS64.txt,RegisterLine.txt
SMOS64.txt,Absence.txt
SMOS64.txt,Delay.txt
SMOS64.txt,Justify.txt
SMOS64.txt,Note.txt
SMOS64.txt,ServletLoadReport.txt
SMOS64.txt,ServletShowRegister.txt
SMOS65.txt,ManagerVotes.txt
SMOS65.txt,ManagerRegister.txt
SMOS65.txt,Votes.txt
SMOS65.txt,RegisterLine.txt
SMOS65.txt,Absence.txt
SMOS65.txt,Delay.txt
SMOS65.txt,Justify.txt
SMOS65.txt,Note.txt
SMOS65.txt,ServletLoadReport.txt
SMOS65.txt,ServletShowRegister.txt
SMOS66.txt,Votes.txt
SMOS66.txt,ManagerVotes.txt
SMOS66.txt,ServletShowStudentsByClass.txt
SMOS66.txt,ServletInsertReport.txt
SMOS66.txt,ServletUpdateReport.txt
SMOS66.txt,ServletDeleteReport.txt
SMOS66.txt,ServletShowReports.txt
SMOS66.txt,ServletLoadReport.txt
SMOS66.txt,ServletLoadTeachingList.txt
SMOS67.txt,User.txt
SMOS67.txt,Role.txt
SMOS67.txt,UserListItem.txt
SMOS67.txt,managerUser.txt
SMOS67.txt,ServletShowUserTeachingForm.txt
SMOS67.txt,ServletRemoveStudentClassroom.txt
SMOS67.txt,ServletShowTeacherTeachingFormByClass.txt
SMOS67.txt,ServletShowUserRoleForm.txt
SMOS67.txt,ServletAddTeachingAsTeacher.txt
SMOS67.txt,ServletAssignParentStudent.txt
SMOS67.txt,ServletAssignRole.txt
SMOS67.txt,ServletInsertUser.txt
SMOS67.txt,ServletRemoveTeachingAsTeacher.txt
SMOS67.txt,ServletAssignStudentClassroom.txt
SMOS67.txt,ServletDeleteUser.txt
SMOS67.txt,ServletReportTeachings.txt
SMOS67.txt,ServletUpdateUser.txt
SMOS67.txt,ServletShowUserList.txt
SMOS67.txt,ServletShowUserDetails.txt
