file,class,method,variable,usage
/tf/main/nbs/test_data/test_metrics/ClassRecord197972.java,ClassRecord197972,close/0,ss,2
/tf/main/nbs/test_data/test_metrics/ClassRecord361508.java,ClassRecord361508,"service/2[ServletRequest,ServletResponse]",res,1
/tf/main/nbs/test_data/test_metrics/ClassRecord361508.java,ClassRecord361508,"service/2[ServletRequest,ServletResponse]",request,6
/tf/main/nbs/test_data/test_metrics/ClassRecord361508.java,ClassRecord361508,"service/2[ServletRequest,ServletResponse]",componentMetaData,1
/tf/main/nbs/test_data/test_metrics/ClassRecord361508.java,ClassRecord361508,"service/2[ServletRequest,ServletResponse]",method,1
/tf/main/nbs/test_data/test_metrics/ClassRecord361508.java,ClassRecord361508,"service/2[ServletRequest,ServletResponse]",e,1
/tf/main/nbs/test_data/test_metrics/ClassRecord361508.java,ClassRecord361508,"service/2[ServletRequest,ServletResponse]",response,3
/tf/main/nbs/test_data/test_metrics/ClassRecord361508.java,ClassRecord361508,"service/2[ServletRequest,ServletResponse]",req,1
/tf/main/nbs/test_data/test_metrics/ClassRecord17194.java,ClassRecord17194,getCodeSources/0,css,2
/tf/main/nbs/test_data/test_metrics/ClassRecord17194.java,ClassRecord17194,getCodeSources/0,phe,2
/tf/main/nbs/test_data/test_metrics/ClassRecord184332.java,ClassRecord184332,getAllocationsOrThrow/1[java.lang.String],map,2
/tf/main/nbs/test_data/test_metrics/ClassRecord184332.java,ClassRecord184332,getAllocationsOrThrow/1[java.lang.String],key,3
/tf/main/nbs/test_data/test_metrics/ClassRecord290490.java,ClassRecord290490,"getPrimaryAfter/3[long,int,boolean]",p,4
/tf/main/nbs/test_data/test_metrics/ClassRecord290490.java,ClassRecord290490,"getPrimaryAfter/3[long,int,boolean]",isCompressible,2
/tf/main/nbs/test_data/test_metrics/ClassRecord290490.java,ClassRecord290490,"getPrimaryAfter/3[long,int,boolean]",q,6
/tf/main/nbs/test_data/test_metrics/ClassRecord290490.java,ClassRecord290490,"getPrimaryAfter/3[long,int,boolean]",index,4
/tf/main/nbs/test_data/test_metrics/ClassRecord290490.java,ClassRecord290490,"getPrimaryAfter/3[long,int,boolean]",step,3
/tf/main/nbs/test_data/test_metrics/ClassRecord469760.java,ClassRecord469760,"setParameter/3[Element,PropertySetter,Properties]",elem,2
/tf/main/nbs/test_data/test_metrics/ClassRecord469760.java,ClassRecord469760,"setParameter/3[Element,PropertySetter,Properties]",name,1
/tf/main/nbs/test_data/test_metrics/ClassRecord469760.java,ClassRecord469760,"setParameter/3[Element,PropertySetter,Properties]",propSetter,1
/tf/main/nbs/test_data/test_metrics/ClassRecord469760.java,ClassRecord469760,"setParameter/3[Element,PropertySetter,Properties]",value,3
/tf/main/nbs/test_data/test_metrics/ClassRecord469760.java,ClassRecord469760,"setParameter/3[Element,PropertySetter,Properties]",props,2
/tf/main/nbs/test_data/test_metrics/ClassRecord298771.java,ClassRecord298771,"trainAsync/2[java.lang.String,ServiceCallback<java.lang.Void>]",personGroupId,1
/tf/main/nbs/test_data/test_metrics/ClassRecord298771.java,ClassRecord298771,"trainAsync/2[java.lang.String,ServiceCallback<java.lang.Void>]",serviceCallback,1
/tf/main/nbs/test_data/test_metrics/ClassRecord264609.java,ClassRecord264609,pattern/0,zero,2
/tf/main/nbs/test_data/test_metrics/ClassRecord264609.java,ClassRecord264609,pattern/0,boundary,1
/tf/main/nbs/test_data/test_metrics/ClassRecord264609.java,ClassRecord264609,pattern/0,groupSep,2
/tf/main/nbs/test_data/test_metrics/ClassRecord264609.java,ClassRecord264609,pattern/0,minus,0
/tf/main/nbs/test_data/test_metrics/ClassRecord264609.java,ClassRecord264609,pattern/0,s,8
/tf/main/nbs/test_data/test_metrics/ClassRecord264609.java,ClassRecord264609,pattern/0,groups,2
/tf/main/nbs/test_data/test_metrics/ClassRecord264609.java,ClassRecord264609,pattern/0,prefixAndNumber,1
/tf/main/nbs/test_data/test_metrics/ClassRecord264609.java,ClassRecord264609,pattern/0,exp,1
/tf/main/nbs/test_data/test_metrics/ClassRecord264609.java,ClassRecord264609,pattern/0,moneySep,2
/tf/main/nbs/test_data/test_metrics/ClassRecord264609.java,ClassRecord264609,pattern/0,decSep,2
/tf/main/nbs/test_data/test_metrics/ClassRecord264609.java,ClassRecord264609,pattern/0,group,1
/tf/main/nbs/test_data/test_metrics/ClassRecord264609.java,ClassRecord264609,pattern/0,digit,2
/tf/main/nbs/test_data/test_metrics/ClassRecord213310.java,ClassRecord213310,setStyleName/1[java.lang.String],column,1
/tf/main/nbs/test_data/test_metrics/ClassRecord213310.java,ClassRecord213310,setStyleName/1[java.lang.String],styleName,5
/tf/main/nbs/test_data/test_metrics/ClassRecord340947.java,ClassRecord340947,containingCategories/1[java.lang.Object],pProvider,0
/tf/main/nbs/test_data/test_metrics/ClassRecord340947.java,ClassRecord340947$Anonymous1,accept/1[Class<?>],pElement,1
/tf/main/nbs/test_data/test_metrics/ClassRecord45695.java,ClassRecord45695,"calculateIOULabelPredicted/6[INDArray,INDArray,INDArray,INDArray,INDArray,INDArray]",noIntMask2,5
/tf/main/nbs/test_data/test_metrics/ClassRecord45695.java,ClassRecord45695,"calculateIOULabelPredicted/6[INDArray,INDArray,INDArray,INDArray,INDArray,INDArray]",areaPredicted,4
/tf/main/nbs/test_data/test_metrics/ClassRecord45695.java,ClassRecord45695,"calculateIOULabelPredicted/6[INDArray,INDArray,INDArray,INDArray,INDArray,INDArray]",dIOU_dwh,6
/tf/main/nbs/test_data/test_metrics/ClassRecord45695.java,ClassRecord45695,"calculateIOULabelPredicted/6[INDArray,INDArray,INDArray,INDArray,INDArray,INDArray]",halfWH,2
/tf/main/nbs/test_data/test_metrics/ClassRecord45695.java,ClassRecord45695,"calculateIOULabelPredicted/6[INDArray,INDArray,INDArray,INDArray,INDArray,INDArray]",areaLabel,1
/tf/main/nbs/test_data/test_metrics/ClassRecord45695.java,ClassRecord45695,"calculateIOULabelPredicted/6[INDArray,INDArray,INDArray,INDArray,INDArray,INDArray]",predictedXYinGridBox,2
/tf/main/nbs/test_data/test_metrics/ClassRecord45695.java,ClassRecord45695,"calculateIOULabelPredicted/6[INDArray,INDArray,INDArray,INDArray,INDArray,INDArray]",noIntMask1,5
/tf/main/nbs/test_data/test_metrics/ClassRecord45695.java,ClassRecord45695,"calculateIOULabelPredicted/6[INDArray,INDArray,INDArray,INDArray,INDArray,INDArray]",dI_dwh,3
/tf/main/nbs/test_data/test_metrics/ClassRecord45695.java,ClassRecord45695,"calculateIOULabelPredicted/6[INDArray,INDArray,INDArray,INDArray,INDArray,INDArray]",iou,4
/tf/main/nbs/test_data/test_metrics/ClassRecord45695.java,ClassRecord45695,"calculateIOULabelPredicted/6[INDArray,INDArray,INDArray,INDArray,INDArray,INDArray]",predictedXY,3
/tf/main/nbs/test_data/test_metrics/ClassRecord45695.java,ClassRecord45695,"calculateIOULabelPredicted/6[INDArray,INDArray,INDArray,INDArray,INDArray,INDArray]",intMask,6
/tf/main/nbs/test_data/test_metrics/ClassRecord45695.java,ClassRecord45695,"calculateIOULabelPredicted/6[INDArray,INDArray,INDArray,INDArray,INDArray,INDArray]",objectPresentMaskBool,1
/tf/main/nbs/test_data/test_metrics/ClassRecord45695.java,ClassRecord45695,"calculateIOULabelPredicted/6[INDArray,INDArray,INDArray,INDArray,INDArray,INDArray]",minBR,2
/tf/main/nbs/test_data/test_metrics/ClassRecord45695.java,ClassRecord45695,"calculateIOULabelPredicted/6[INDArray,INDArray,INDArray,INDArray,INDArray,INDArray]",mb,3
/tf/main/nbs/test_data/test_metrics/ClassRecord45695.java,ClassRecord45695,"calculateIOULabelPredicted/6[INDArray,INDArray,INDArray,INDArray,INDArray,INDArray]",intersectionArea,7
/tf/main/nbs/test_data/test_metrics/ClassRecord45695.java,ClassRecord45695,"calculateIOULabelPredicted/6[INDArray,INDArray,INDArray,INDArray,INDArray,INDArray]",labelTL,9
/tf/main/nbs/test_data/test_metrics/ClassRecord45695.java,ClassRecord45695,"calculateIOULabelPredicted/6[INDArray,INDArray,INDArray,INDArray,INDArray,INDArray]",noIntMask,1
/tf/main/nbs/test_data/test_metrics/ClassRecord45695.java,ClassRecord45695,"calculateIOULabelPredicted/6[INDArray,INDArray,INDArray,INDArray,INDArray,INDArray]",linspaceY,1
/tf/main/nbs/test_data/test_metrics/ClassRecord45695.java,ClassRecord45695,"calculateIOULabelPredicted/6[INDArray,INDArray,INDArray,INDArray,INDArray,INDArray]",predictedTL_XY,4
/tf/main/nbs/test_data/test_metrics/ClassRecord45695.java,ClassRecord45695,"calculateIOULabelPredicted/6[INDArray,INDArray,INDArray,INDArray,INDArray,INDArray]",Ihw,2
/tf/main/nbs/test_data/test_metrics/ClassRecord45695.java,ClassRecord45695,"calculateIOULabelPredicted/6[INDArray,INDArray,INDArray,INDArray,INDArray,INDArray]",uPlusIDivU2,2
/tf/main/nbs/test_data/test_metrics/ClassRecord45695.java,ClassRecord45695,"calculateIOULabelPredicted/6[INDArray,INDArray,INDArray,INDArray,INDArray,INDArray]",dI_dxy,3
/tf/main/nbs/test_data/test_metrics/ClassRecord45695.java,ClassRecord45695,"calculateIOULabelPredicted/6[INDArray,INDArray,INDArray,INDArray,INDArray,INDArray]",u2,2
/tf/main/nbs/test_data/test_metrics/ClassRecord45695.java,ClassRecord45695,"calculateIOULabelPredicted/6[INDArray,INDArray,INDArray,INDArray,INDArray,INDArray]",linspaceX,1
/tf/main/nbs/test_data/test_metrics/ClassRecord45695.java,ClassRecord45695,"calculateIOULabelPredicted/6[INDArray,INDArray,INDArray,INDArray,INDArray,INDArray]",predictedWH,14
/tf/main/nbs/test_data/test_metrics/ClassRecord45695.java,ClassRecord45695,"calculateIOULabelPredicted/6[INDArray,INDArray,INDArray,INDArray,INDArray,INDArray]",b,3
/tf/main/nbs/test_data/test_metrics/ClassRecord45695.java,ClassRecord45695,"calculateIOULabelPredicted/6[INDArray,INDArray,INDArray,INDArray,INDArray,INDArray]",gridH,3
/tf/main/nbs/test_data/test_metrics/ClassRecord45695.java,ClassRecord45695,"calculateIOULabelPredicted/6[INDArray,INDArray,INDArray,INDArray,INDArray,INDArray]",h,3
/tf/main/nbs/test_data/test_metrics/ClassRecord45695.java,ClassRecord45695,"calculateIOULabelPredicted/6[INDArray,INDArray,INDArray,INDArray,INDArray,INDArray]",diff,5
/tf/main/nbs/test_data/test_metrics/ClassRecord45695.java,ClassRecord45695,"calculateIOULabelPredicted/6[INDArray,INDArray,INDArray,INDArray,INDArray,INDArray]",objectPresentMask,3
/tf/main/nbs/test_data/test_metrics/ClassRecord45695.java,ClassRecord45695,"calculateIOULabelPredicted/6[INDArray,INDArray,INDArray,INDArray,INDArray,INDArray]",predictedHW,5
/tf/main/nbs/test_data/test_metrics/ClassRecord45695.java,ClassRecord45695,"calculateIOULabelPredicted/6[INDArray,INDArray,INDArray,INDArray,INDArray,INDArray]",maskMinBR,5
/tf/main/nbs/test_data/test_metrics/ClassRecord45695.java,ClassRecord45695,"calculateIOULabelPredicted/6[INDArray,INDArray,INDArray,INDArray,INDArray,INDArray]",gridW,3
/tf/main/nbs/test_data/test_metrics/ClassRecord45695.java,ClassRecord45695,"calculateIOULabelPredicted/6[INDArray,INDArray,INDArray,INDArray,INDArray,INDArray]",maxTL,10
/tf/main/nbs/test_data/test_metrics/ClassRecord45695.java,ClassRecord45695,"calculateIOULabelPredicted/6[INDArray,INDArray,INDArray,INDArray,INDArray,INDArray]",unionArea,6
/tf/main/nbs/test_data/test_metrics/ClassRecord45695.java,ClassRecord45695,"calculateIOULabelPredicted/6[INDArray,INDArray,INDArray,INDArray,INDArray,INDArray]",gridX,2
/tf/main/nbs/test_data/test_metrics/ClassRecord45695.java,ClassRecord45695,"calculateIOULabelPredicted/6[INDArray,INDArray,INDArray,INDArray,INDArray,INDArray]",gridY,2
/tf/main/nbs/test_data/test_metrics/ClassRecord45695.java,ClassRecord45695,"calculateIOULabelPredicted/6[INDArray,INDArray,INDArray,INDArray,INDArray,INDArray]",maskMaxTL,5
/tf/main/nbs/test_data/test_metrics/ClassRecord45695.java,ClassRecord45695,"calculateIOULabelPredicted/6[INDArray,INDArray,INDArray,INDArray,INDArray,INDArray]",dIOU_dxy,2
/tf/main/nbs/test_data/test_metrics/ClassRecord45695.java,ClassRecord45695,"calculateIOULabelPredicted/6[INDArray,INDArray,INDArray,INDArray,INDArray,INDArray]",grid,3
/tf/main/nbs/test_data/test_metrics/ClassRecord45695.java,ClassRecord45695,"calculateIOULabelPredicted/6[INDArray,INDArray,INDArray,INDArray,INDArray,INDArray]",predictedBR_XY,4
/tf/main/nbs/test_data/test_metrics/ClassRecord45695.java,ClassRecord45695,"calculateIOULabelPredicted/6[INDArray,INDArray,INDArray,INDArray,INDArray,INDArray]",w,3
/tf/main/nbs/test_data/test_metrics/ClassRecord45695.java,ClassRecord45695,"calculateIOULabelPredicted/6[INDArray,INDArray,INDArray,INDArray,INDArray,INDArray]",uPlusI,2
/tf/main/nbs/test_data/test_metrics/ClassRecord45695.java,ClassRecord45695,"calculateIOULabelPredicted/6[INDArray,INDArray,INDArray,INDArray,INDArray,INDArray]",labelWH,1
/tf/main/nbs/test_data/test_metrics/ClassRecord45695.java,ClassRecord45695,"calculateIOULabelPredicted/6[INDArray,INDArray,INDArray,INDArray,INDArray,INDArray]",labelBR,4
/tf/main/nbs/test_data/test_metrics/ClassRecord476039.java,ClassRecord476039,hasVersionString/1[java.lang.String],inVersion,3
/tf/main/nbs/test_data/test_metrics/ClassRecord476039.java,ClassRecord476039,hasVersionString/1[java.lang.String],c,2
/tf/main/nbs/test_data/test_metrics/ClassRecord476039.java,ClassRecord476039,hasVersionString/1[java.lang.String],i,3
/tf/main/nbs/test_data/test_metrics/ClassRecord476039.java,ClassRecord476039,hasVersionString/1[java.lang.String],url,2
/tf/main/nbs/test_data/test_metrics/ClassRecord273547.java,ClassRecord273547,handleInstanceExecutor/0,msg,2
/tf/main/nbs/test_data/test_metrics/ClassRecord273547.java,ClassRecord273547,handleInstanceExecutor/0,c,2
/tf/main/nbs/test_data/test_metrics/ClassRecord273547.java,ClassRecord273547,handleInstanceExecutor/0,d,2
/tf/main/nbs/test_data/test_metrics/ClassRecord273547.java,ClassRecord273547,handleInstanceExecutor/0,streamId,2
/tf/main/nbs/test_data/test_metrics/ClassRecord273547.java,ClassRecord273547,handleInstanceExecutor/0,isLocalSpout,1
/tf/main/nbs/test_data/test_metrics/ClassRecord273547.java,ClassRecord273547,handleInstanceExecutor/0,ack,1
/tf/main/nbs/test_data/test_metrics/ClassRecord273547.java,ClassRecord273547,handleInstanceExecutor/0,i,2
/tf/main/nbs/test_data/test_metrics/ClassRecord273547.java,ClassRecord273547,handleInstanceExecutor/0,tuple,3
/tf/main/nbs/test_data/test_metrics/ClassRecord273547.java,ClassRecord273547,handleInstanceExecutor/0,fail,1
/tf/main/nbs/test_data/test_metrics/ClassRecord273547.java,ClassRecord273547,handleInstanceExecutor/0,executor,4
/tf/main/nbs/test_data/test_metrics/ClassRecord273547.java,ClassRecord273547,handleInstanceExecutor/0,tupleSet,6
/tf/main/nbs/test_data/test_metrics/ClassRecord273547.java,ClassRecord273547,handleInstanceExecutor/0,outTasks,3
/tf/main/nbs/test_data/test_metrics/ClassRecord273547.java,ClassRecord273547,handleInstanceExecutor/0,items,1
/tf/main/nbs/test_data/test_metrics/ClassRecord273547.java,ClassRecord273547,handleInstanceExecutor/0,taskId,1
/tf/main/nbs/test_data/test_metrics/ClassRecord67719.java,ClassRecord67719,"load/2[YamlSourceLoader<T>,YamlPolicyCreator<T>]",yamlPolicy,2
/tf/main/nbs/test_data/test_metrics/ClassRecord67719.java,ClassRecord67719,"load/2[YamlSourceLoader<T>,YamlPolicyCreator<T>]",creator,1
/tf/main/nbs/test_data/test_metrics/ClassRecord67719.java,ClassRecord67719,"load/2[YamlSourceLoader<T>,YamlPolicyCreator<T>]",e,3
/tf/main/nbs/test_data/test_metrics/ClassRecord67719.java,ClassRecord67719,"load/2[YamlSourceLoader<T>,YamlPolicyCreator<T>]",loader,1
/tf/main/nbs/test_data/test_metrics/ClassRecord67719.java,ClassRecord67719,"load/2[YamlSourceLoader<T>,YamlPolicyCreator<T>]",ident,1
/tf/main/nbs/test_data/test_metrics/ClassRecord67719.java,ClassRecord67719,"load/2[YamlSourceLoader<T>,YamlPolicyCreator<T>]",index,5
/tf/main/nbs/test_data/test_metrics/ClassRecord67719.java,ClassRecord67719,"load/2[YamlSourceLoader<T>,YamlPolicyCreator<T>]",yamlDoc,2
/tf/main/nbs/test_data/test_metrics/ClassRecord67719.java,ClassRecord67719,"load/2[YamlSourceLoader<T>,YamlPolicyCreator<T>]",loader1,1
/tf/main/nbs/test_data/test_metrics/ClassRecord68366.java,ClassRecord68366,"translatecontent/4[java.lang.String,java.lang.String,java.lang.String,java.lang.String]",reqEntity,1
/tf/main/nbs/test_data/test_metrics/ClassRecord68366.java,ClassRecord68366,"translatecontent/4[java.lang.String,java.lang.String,java.lang.String,java.lang.String]",lfrom,1
/tf/main/nbs/test_data/test_metrics/ClassRecord68366.java,ClassRecord68366,"translatecontent/4[java.lang.String,java.lang.String,java.lang.String,java.lang.String]",data,2
/tf/main/nbs/test_data/test_metrics/ClassRecord68366.java,ClassRecord68366,"translatecontent/4[java.lang.String,java.lang.String,java.lang.String,java.lang.String]",e,2
/tf/main/nbs/test_data/test_metrics/ClassRecord68366.java,ClassRecord68366,"translatecontent/4[java.lang.String,java.lang.String,java.lang.String,java.lang.String]",lto,1
/tf/main/nbs/test_data/test_metrics/ClassRecord68366.java,ClassRecord68366,"translatecontent/4[java.lang.String,java.lang.String,java.lang.String,java.lang.String]",httpPost,2
/tf/main/nbs/test_data/test_metrics/ClassRecord68366.java,ClassRecord68366,"translatecontent/4[java.lang.String,java.lang.String,java.lang.String,java.lang.String]",accessToken,2
/tf/main/nbs/test_data/test_metrics/ClassRecord68366.java,ClassRecord68366,"translatecontent/4[java.lang.String,java.lang.String,java.lang.String,java.lang.String]",content,1
/tf/main/nbs/test_data/test_metrics/ClassRecord342119.java,ClassRecord342119,"performScan/3[List<ClasspathElement>,List<java.lang.String>,java.lang.ClassLoader[]]",finalClasspathEltOrderStrs,1
/tf/main/nbs/test_data/test_metrics/ClassRecord342119.java,ClassRecord342119,"performScan/3[List<ClasspathElement>,List<java.lang.String>,java.lang.ClassLoader[]]",c,1
/tf/main/nbs/test_data/test_metrics/ClassRecord342119.java,ClassRecord342119,"performScan/3[List<ClasspathElement>,List<java.lang.String>,java.lang.ClassLoader[]]",classNamesScheduledForScanning,2
/tf/main/nbs/test_data/test_metrics/ClassRecord342119.java,ClassRecord342119,"performScan/3[List<ClasspathElement>,List<java.lang.String>,java.lang.ClassLoader[]]",resource,2
/tf/main/nbs/test_data/test_metrics/ClassRecord342119.java,ClassRecord342119,"performScan/3[List<ClasspathElement>,List<java.lang.String>,java.lang.ClassLoader[]]",linkLog,2
/tf/main/nbs/test_data/test_metrics/ClassRecord342119.java,ClassRecord342119,"performScan/3[List<ClasspathElement>,List<java.lang.String>,java.lang.ClassLoader[]]",classfileScanWorkItems,2
/tf/main/nbs/test_data/test_metrics/ClassRecord342119.java,ClassRecord342119,"performScan/3[List<ClasspathElement>,List<java.lang.String>,java.lang.ClassLoader[]]",classLoaderOrderRespectingParentDelegation,1
/tf/main/nbs/test_data/test_metrics/ClassRecord342119.java,ClassRecord342119,"performScan/3[List<ClasspathElement>,List<java.lang.String>,java.lang.ClassLoader[]]",moduleNameToModuleInfo,2
/tf/main/nbs/test_data/test_metrics/ClassRecord342119.java,ClassRecord342119,"performScan/3[List<ClasspathElement>,List<java.lang.String>,java.lang.ClassLoader[]]",scannedClassfiles,2
/tf/main/nbs/test_data/test_metrics/ClassRecord342119.java,ClassRecord342119,"performScan/3[List<ClasspathElement>,List<java.lang.String>,java.lang.ClassLoader[]]",finalClasspathEltOrder,5
/tf/main/nbs/test_data/test_metrics/ClassRecord342119.java,ClassRecord342119,"performScan/3[List<ClasspathElement>,List<java.lang.String>,java.lang.ClassLoader[]]",classpathElement,4
/tf/main/nbs/test_data/test_metrics/ClassRecord342119.java,ClassRecord342119,"performScan/3[List<ClasspathElement>,List<java.lang.String>,java.lang.ClassLoader[]]",classNameToClassInfo,2
/tf/main/nbs/test_data/test_metrics/ClassRecord342119.java,ClassRecord342119,"performScan/3[List<ClasspathElement>,List<java.lang.String>,java.lang.ClassLoader[]]",stringInternMap,2
/tf/main/nbs/test_data/test_metrics/ClassRecord342119.java,ClassRecord342119,"performScan/3[List<ClasspathElement>,List<java.lang.String>,java.lang.ClassLoader[]]",fileToLastModified,3
/tf/main/nbs/test_data/test_metrics/ClassRecord342119.java,ClassRecord342119,"performScan/3[List<ClasspathElement>,List<java.lang.String>,java.lang.ClassLoader[]]",packageNameToPackageInfo,2
/tf/main/nbs/test_data/test_metrics/ClassRecord297325.java,ClassRecord297325,"getEncryptionKeyAsync/3[java.lang.String,java.lang.String,java.lang.String]",resourceGroupName,1
/tf/main/nbs/test_data/test_metrics/ClassRecord297325.java,ClassRecord297325,"getEncryptionKeyAsync/3[java.lang.String,java.lang.String,java.lang.String]",accountName,1
/tf/main/nbs/test_data/test_metrics/ClassRecord297325.java,ClassRecord297325,"getEncryptionKeyAsync/3[java.lang.String,java.lang.String,java.lang.String]",assetName,1
/tf/main/nbs/test_data/test_metrics/ClassRecord297325.java,ClassRecord297325$Anonymous1,call/1[ServiceResponse<AssetStorageEncryptionKeyInner>],response,1
/tf/main/nbs/test_data/test_metrics/ClassRecord9070.java,ClassRecord9070,"removeWordFromDictionary/2[KoreanPosJava,List<java.lang.String>]",pos,1
/tf/main/nbs/test_data/test_metrics/ClassRecord9070.java,ClassRecord9070,"removeWordFromDictionary/2[KoreanPosJava,List<java.lang.String>]",words,1
/tf/main/nbs/test_data/test_metrics/ClassRecord456961.java,ClassRecord456961,"importResolverVisMapTable/3[java.lang.String,java.lang.String,java.lang.String]",path,2
/tf/main/nbs/test_data/test_metrics/ClassRecord456961.java,ClassRecord456961,"importResolverVisMapTable/3[java.lang.String,java.lang.String,java.lang.String]",entries,2
/tf/main/nbs/test_data/test_metrics/ClassRecord456961.java,ClassRecord456961,"importResolverVisMapTable/3[java.lang.String,java.lang.String,java.lang.String]",e,1
/tf/main/nbs/test_data/test_metrics/ClassRecord456961.java,ClassRecord456961,"importResolverVisMapTable/3[java.lang.String,java.lang.String,java.lang.String]",bReader,1
/tf/main/nbs/test_data/test_metrics/ClassRecord456961.java,ClassRecord456961,"importResolverVisMapTable/3[java.lang.String,java.lang.String,java.lang.String]",annisFileSuffix,2
/tf/main/nbs/test_data/test_metrics/ClassRecord456961.java,ClassRecord456961,"importResolverVisMapTable/3[java.lang.String,java.lang.String,java.lang.String]",cols,3
/tf/main/nbs/test_data/test_metrics/ClassRecord456961.java,ClassRecord456961,"importResolverVisMapTable/3[java.lang.String,java.lang.String,java.lang.String]",table,4
/tf/main/nbs/test_data/test_metrics/ClassRecord456961.java,ClassRecord456961,"importResolverVisMapTable/3[java.lang.String,java.lang.String,java.lang.String]",resolver_vis_tab,3
/tf/main/nbs/test_data/test_metrics/ClassRecord456961.java,ClassRecord456961,"importResolverVisMapTable/3[java.lang.String,java.lang.String,java.lang.String]",firstLine,3
/tf/main/nbs/test_data/test_metrics/ClassRecord300213.java,ClassRecord300213$Anonymous1,nextPage/1[java.lang.String],nextPageLink,1
/tf/main/nbs/test_data/test_metrics/ClassRecord300213.java,ClassRecord300213,listByLocation/1[java.lang.String],locationName,1
/tf/main/nbs/test_data/test_metrics/ClassRecord300213.java,ClassRecord300213,listByLocation/1[java.lang.String],response,1
/tf/main/nbs/test_data/test_metrics/ClassRecord194315.java,ClassRecord194315,getAllAchievementID/1[Callback<List<java.lang.Integer>>],callback,1
/tf/main/nbs/test_data/test_metrics/ClassRecord43857.java,ClassRecord43857,synchronizeHostData/1[DataBuffer],buffer,3
/tf/main/nbs/test_data/test_metrics/ClassRecord43857.java,ClassRecord43857,synchronizeHostData/1[DataBuffer],point,2
/tf/main/nbs/test_data/test_metrics/ClassRecord189054.java,ClassRecord189054,"checkUserIdentifier/2[FormItemList,CreateUserResponse]",createUserResponse,2
/tf/main/nbs/test_data/test_metrics/ClassRecord189054.java,ClassRecord189054,"checkUserIdentifier/2[FormItemList,CreateUserResponse]",formItemList,1
/tf/main/nbs/test_data/test_metrics/ClassRecord189054.java,ClassRecord189054,"checkUserIdentifier/2[FormItemList,CreateUserResponse]",userId,4
/tf/main/nbs/test_data/test_metrics/ClassRecord189054.java,ClassRecord189054,"checkUserIdentifier/2[FormItemList,CreateUserResponse]",user,1
/tf/main/nbs/test_data/test_metrics/ClassRecord224775.java,ClassRecord224775,getCalendarItem/1[Rec],fieldList,0
/tf/main/nbs/test_data/test_metrics/ClassRecord224775.java,ClassRecord224775$Anonymous1,getHighlightColor/0,recProjectControl,2
/tf/main/nbs/test_data/test_metrics/ClassRecord224775.java,ClassRecord224775$Anonymous1,getHighlightColor/0,field,6
/tf/main/nbs/test_data/test_metrics/ClassRecord224775.java,ClassRecord224775$Anonymous1,getIcon/1[int],recProjectControl,2
/tf/main/nbs/test_data/test_metrics/ClassRecord224775.java,ClassRecord224775$Anonymous1,getIcon/1[int],field,6
/tf/main/nbs/test_data/test_metrics/ClassRecord224775.java,ClassRecord224775$Anonymous1,getIcon/1[int],fieldSeq,3
/tf/main/nbs/test_data/test_metrics/ClassRecord224775.java,ClassRecord224775$Anonymous1,getIcon/1[int],iIconType,3
/tf/main/nbs/test_data/test_metrics/ClassRecord224775.java,ClassRecord224775$Anonymous1,getSelectColor/0,recProjectControl,2
/tf/main/nbs/test_data/test_metrics/ClassRecord224775.java,ClassRecord224775$Anonymous1,getSelectColor/0,field,6
/tf/main/nbs/test_data/test_metrics/ClassRecord31508.java,ClassRecord31508,withDeprecatedKeys/1[java.lang.String[]],deprecatedKeys,1
/tf/main/nbs/test_data/test_metrics/ClassRecord31508.java,ClassRecord31508,withDeprecatedKeys/1[java.lang.String[]],newDeprecatedKeys,1
/tf/main/nbs/test_data/test_metrics/ClassRecord31508.java,ClassRecord31508,withDeprecatedKeys/1[java.lang.String[]],currentAlternativeKeys,1
/tf/main/nbs/test_data/test_metrics/ClassRecord31508.java,ClassRecord31508,withDeprecatedKeys/1[java.lang.String[]],mergedAlternativeKeys,1
/tf/main/nbs/test_data/test_metrics/ClassRecord428961.java,ClassRecord428961,fromCSV/1[java.lang.String],csv,1
/tf/main/nbs/test_data/test_metrics/ClassRecord473605.java,ClassRecord473605,writeIndent/0,level,1
/tf/main/nbs/test_data/test_metrics/ClassRecord473605.java,ClassRecord473605,writeIndent/0,start,1
/tf/main/nbs/test_data/test_metrics/ClassRecord238767.java,ClassRecord238767,deepCopy/1[Collection<? extends LongTuple>],result,3
/tf/main/nbs/test_data/test_metrics/ClassRecord238767.java,ClassRecord238767,deepCopy/1[Collection<? extends LongTuple>],t,2
/tf/main/nbs/test_data/test_metrics/ClassRecord238767.java,ClassRecord238767,deepCopy/1[Collection<? extends LongTuple>],tuples,2
/tf/main/nbs/test_data/test_metrics/ClassRecord14282.java,ClassRecord14282,"compile/2[java.lang.String,java.lang.String]",sourceCode,1
/tf/main/nbs/test_data/test_metrics/ClassRecord14282.java,ClassRecord14282,"compile/2[java.lang.String,java.lang.String]",className,2
/tf/main/nbs/test_data/test_metrics/ClassRecord451870.java,ClassRecord451870,addAll/1[Iterator<java.lang.String>],properties,3
/tf/main/nbs/test_data/test_metrics/ClassRecord414822.java,ClassRecord414822,"throwResponse/3[RequestContext,HttpStatus,java.lang.String]",ctx,1
/tf/main/nbs/test_data/test_metrics/ClassRecord414822.java,ClassRecord414822,"throwResponse/3[RequestContext,HttpStatus,java.lang.String]",message,1
/tf/main/nbs/test_data/test_metrics/ClassRecord414822.java,ClassRecord414822,"throwResponse/3[RequestContext,HttpStatus,java.lang.String]",status,1
/tf/main/nbs/test_data/test_metrics/ClassRecord295732.java,ClassRecord295732,"detectWithStreamWithServiceResponseAsync/4[byte[],java.lang.Boolean,java.lang.Boolean,List<FaceAttributeType>]",image,2
/tf/main/nbs/test_data/test_metrics/ClassRecord295732.java,ClassRecord295732,"detectWithStreamWithServiceResponseAsync/4[byte[],java.lang.Boolean,java.lang.Boolean,List<FaceAttributeType>]",returnFaceId,1
/tf/main/nbs/test_data/test_metrics/ClassRecord295732.java,ClassRecord295732,"detectWithStreamWithServiceResponseAsync/4[byte[],java.lang.Boolean,java.lang.Boolean,List<FaceAttributeType>]",parameterizedHost,1
/tf/main/nbs/test_data/test_metrics/ClassRecord295732.java,ClassRecord295732,"detectWithStreamWithServiceResponseAsync/4[byte[],java.lang.Boolean,java.lang.Boolean,List<FaceAttributeType>]",returnFaceAttributesConverted,1
/tf/main/nbs/test_data/test_metrics/ClassRecord295732.java,ClassRecord295732,"detectWithStreamWithServiceResponseAsync/4[byte[],java.lang.Boolean,java.lang.Boolean,List<FaceAttributeType>]",returnFaceLandmarks,1
/tf/main/nbs/test_data/test_metrics/ClassRecord295732.java,ClassRecord295732,"detectWithStreamWithServiceResponseAsync/4[byte[],java.lang.Boolean,java.lang.Boolean,List<FaceAttributeType>]",returnFaceAttributes,2
/tf/main/nbs/test_data/test_metrics/ClassRecord295732.java,ClassRecord295732,"detectWithStreamWithServiceResponseAsync/4[byte[],java.lang.Boolean,java.lang.Boolean,List<FaceAttributeType>]",imageConverted,1
/tf/main/nbs/test_data/test_metrics/ClassRecord295732.java,ClassRecord295732$Anonymous1,call/1[Response<ResponseBody>],t,1
/tf/main/nbs/test_data/test_metrics/ClassRecord295732.java,ClassRecord295732$Anonymous1,call/1[Response<ResponseBody>],response,1
/tf/main/nbs/test_data/test_metrics/ClassRecord295732.java,ClassRecord295732$Anonymous1,call/1[Response<ResponseBody>],clientResponse,1
/tf/main/nbs/test_data/test_metrics/ClassRecord303974.java,ClassRecord303974,"update/4[java.lang.String,java.lang.String,java.lang.String,WebhookUpdateParameters]",resourceGroupName,1
/tf/main/nbs/test_data/test_metrics/ClassRecord303974.java,ClassRecord303974,"update/4[java.lang.String,java.lang.String,java.lang.String,WebhookUpdateParameters]",automationAccountName,1
/tf/main/nbs/test_data/test_metrics/ClassRecord303974.java,ClassRecord303974,"update/4[java.lang.String,java.lang.String,java.lang.String,WebhookUpdateParameters]",webhookName,1
/tf/main/nbs/test_data/test_metrics/ClassRecord303974.java,ClassRecord303974,"update/4[java.lang.String,java.lang.String,java.lang.String,WebhookUpdateParameters]",parameters,1
/tf/main/nbs/test_data/test_metrics/ClassRecord274738.java,ClassRecord274738,"blobFileDescriptorForQuery/2[SQLiteStatement,java.lang.String[]]",selectionArgs,1
/tf/main/nbs/test_data/test_metrics/ClassRecord274738.java,ClassRecord274738,"blobFileDescriptorForQuery/2[SQLiteStatement,java.lang.String[]]",prog,2
/tf/main/nbs/test_data/test_metrics/ClassRecord345556.java,ClassRecord345556,"explodeJar/2[JarFile,java.lang.String]",jarFile,2
/tf/main/nbs/test_data/test_metrics/ClassRecord345556.java,ClassRecord345556,"explodeJar/2[JarFile,java.lang.String]",fl,4
/tf/main/nbs/test_data/test_metrics/ClassRecord345556.java,ClassRecord345556,"explodeJar/2[JarFile,java.lang.String]",destDir,2
/tf/main/nbs/test_data/test_metrics/ClassRecord345556.java,ClassRecord345556,"explodeJar/2[JarFile,java.lang.String]",is,4
/tf/main/nbs/test_data/test_metrics/ClassRecord345556.java,ClassRecord345556,"explodeJar/2[JarFile,java.lang.String]",je,4
/tf/main/nbs/test_data/test_metrics/ClassRecord345556.java,ClassRecord345556,"explodeJar/2[JarFile,java.lang.String]",enu,2
/tf/main/nbs/test_data/test_metrics/ClassRecord261920.java,ClassRecord261920,isDeclaredBy/1[ElementMatcher<? super TypeDescription>],matcher,1
/tf/main/nbs/test_data/test_metrics/ClassRecord316762.java,ClassRecord316762,handleEvents/1[java.lang.String],EVENT_TYPE,5
/tf/main/nbs/test_data/test_metrics/ClassRecord316762.java,ClassRecord316762,handleEvents/1[java.lang.String],content,1
/tf/main/nbs/test_data/test_metrics/ClassRecord181554.java,ClassRecord181554,setSubObj/1[java.lang.Integer],newSubObj,1
/tf/main/nbs/test_data/test_metrics/ClassRecord181554.java,ClassRecord181554,setSubObj/1[java.lang.Integer],oldSubObj,1
/tf/main/nbs/test_data/test_metrics/ClassRecord201222.java,ClassRecord201222,"kickPlayer/2[long,TeamId]",teamId,1
/tf/main/nbs/test_data/test_metrics/ClassRecord201222.java,ClassRecord201222,"kickPlayer/2[long,TeamId]",summonerId,1
/tf/main/nbs/test_data/test_metrics/ClassRecord140075.java,ClassRecord140075,"readXmlFile/4[File,NaaccrOptions,List<NaaccrDictionary>,NaaccrObserver]",observer,2
/tf/main/nbs/test_data/test_metrics/ClassRecord140075.java,ClassRecord140075,"readXmlFile/4[File,NaaccrOptions,List<NaaccrDictionary>,NaaccrObserver]",userDictionaries,1
/tf/main/nbs/test_data/test_metrics/ClassRecord140075.java,ClassRecord140075,"readXmlFile/4[File,NaaccrOptions,List<NaaccrDictionary>,NaaccrObserver]",reader,3
/tf/main/nbs/test_data/test_metrics/ClassRecord140075.java,ClassRecord140075,"readXmlFile/4[File,NaaccrOptions,List<NaaccrDictionary>,NaaccrObserver]",patient,4
/tf/main/nbs/test_data/test_metrics/ClassRecord140075.java,ClassRecord140075,"readXmlFile/4[File,NaaccrOptions,List<NaaccrDictionary>,NaaccrObserver]",options,1
/tf/main/nbs/test_data/test_metrics/ClassRecord140075.java,ClassRecord140075,"readXmlFile/4[File,NaaccrOptions,List<NaaccrDictionary>,NaaccrObserver]",rootData,2
/tf/main/nbs/test_data/test_metrics/ClassRecord140075.java,ClassRecord140075,"readXmlFile/4[File,NaaccrOptions,List<NaaccrDictionary>,NaaccrObserver]",xmlFile,3
/tf/main/nbs/test_data/test_metrics/ClassRecord467080.java,ClassRecord467080,"flushTables/2[XMLUtil,ZipUTF8Writer]",util,1
/tf/main/nbs/test_data/test_metrics/ClassRecord467080.java,ClassRecord467080,"flushTables/2[XMLUtil,ZipUTF8Writer]",writer,1
/tf/main/nbs/test_data/test_metrics/ClassRecord195330.java,ClassRecord195330$Anonymous1,doOperation/1[RedisClient],client,1
/tf/main/nbs/test_data/test_metrics/ClassRecord195330.java,ClassRecord195330,"setnx/3[java.lang.Object,int,java.lang.Object]",clients,2
/tf/main/nbs/test_data/test_metrics/ClassRecord195330.java,ClassRecord195330,"setnx/3[java.lang.Object,int,java.lang.Object]",obj,0
/tf/main/nbs/test_data/test_metrics/ClassRecord195330.java,ClassRecord195330,"setnx/3[java.lang.Object,int,java.lang.Object]",expiration,0
/tf/main/nbs/test_data/test_metrics/ClassRecord195330.java,ClassRecord195330,"setnx/3[java.lang.Object,int,java.lang.Object]",key,2
/tf/main/nbs/test_data/test_metrics/ClassRecord403690.java,ClassRecord403690,getAbsoluteRfsPathRelativeToWebInf/1[java.lang.String],path,3
/tf/main/nbs/test_data/test_metrics/ClassRecord403690.java,ClassRecord403690,getAbsoluteRfsPathRelativeToWebInf/1[java.lang.String],f,2
/tf/main/nbs/test_data/test_metrics/ClassRecord72463.java,ClassRecord72463,"_p4/3[File,ConsoleOutputStreamConsumer,boolean]",clientName,3
/tf/main/nbs/test_data/test_metrics/ClassRecord72463.java,ClassRecord72463,"_p4/3[File,ConsoleOutputStreamConsumer,boolean]",workDir,2
/tf/main/nbs/test_data/test_metrics/ClassRecord72463.java,ClassRecord72463,"_p4/3[File,ConsoleOutputStreamConsumer,boolean]",failOnError,1
/tf/main/nbs/test_data/test_metrics/ClassRecord72463.java,ClassRecord72463,"_p4/3[File,ConsoleOutputStreamConsumer,boolean]",consumer,1
/tf/main/nbs/test_data/test_metrics/ClassRecord255274.java,ClassRecord255274,withVaultList/1[DescribeVaultOutput[]],vaultList,4
/tf/main/nbs/test_data/test_metrics/ClassRecord255274.java,ClassRecord255274,withVaultList/1[DescribeVaultOutput[]],ele,1
/tf/main/nbs/test_data/test_metrics/ClassRecord221056.java,ClassRecord221056,changeSampleRate/1[int],newSampleRate,1
/tf/main/nbs/test_data/test_metrics/ClassRecord221056.java,ClassRecord221056,changeSampleRate/1[int],c,3
/tf/main/nbs/test_data/test_metrics/ClassRecord221056.java,ClassRecord221056,changeSampleRate/1[int],aktMemo,1
/tf/main/nbs/test_data/test_metrics/ClassRecord47894.java,ClassRecord47894,"setDetail/8[java.lang.String,java.lang.String,java.lang.String,java.lang.String,java.lang.String,java.lang.String,java.lang.String,HttpMessage]",reference,1
/tf/main/nbs/test_data/test_metrics/ClassRecord47894.java,ClassRecord47894,"setDetail/8[java.lang.String,java.lang.String,java.lang.String,java.lang.String,java.lang.String,java.lang.String,java.lang.String,HttpMessage]",msg,1
/tf/main/nbs/test_data/test_metrics/ClassRecord47894.java,ClassRecord47894,"setDetail/8[java.lang.String,java.lang.String,java.lang.String,java.lang.String,java.lang.String,java.lang.String,java.lang.String,HttpMessage]",otherInfo,1
/tf/main/nbs/test_data/test_metrics/ClassRecord47894.java,ClassRecord47894,"setDetail/8[java.lang.String,java.lang.String,java.lang.String,java.lang.String,java.lang.String,java.lang.String,java.lang.String,HttpMessage]",solution,1
/tf/main/nbs/test_data/test_metrics/ClassRecord47894.java,ClassRecord47894,"setDetail/8[java.lang.String,java.lang.String,java.lang.String,java.lang.String,java.lang.String,java.lang.String,java.lang.String,HttpMessage]",param,1
/tf/main/nbs/test_data/test_metrics/ClassRecord47894.java,ClassRecord47894,"setDetail/8[java.lang.String,java.lang.String,java.lang.String,java.lang.String,java.lang.String,java.lang.String,java.lang.String,HttpMessage]",attack,1
/tf/main/nbs/test_data/test_metrics/ClassRecord47894.java,ClassRecord47894,"setDetail/8[java.lang.String,java.lang.String,java.lang.String,java.lang.String,java.lang.String,java.lang.String,java.lang.String,HttpMessage]",description,1
/tf/main/nbs/test_data/test_metrics/ClassRecord47894.java,ClassRecord47894,"setDetail/8[java.lang.String,java.lang.String,java.lang.String,java.lang.String,java.lang.String,java.lang.String,java.lang.String,HttpMessage]",uri,1
/tf/main/nbs/test_data/test_metrics/ClassRecord240309.java,ClassRecord240309,"buildGroup/3[ComponentGroup,BuilderT,Context]",component,1
/tf/main/nbs/test_data/test_metrics/ClassRecord240309.java,ClassRecord240309,"buildGroup/3[ComponentGroup,BuilderT,Context]",builder,1
/tf/main/nbs/test_data/test_metrics/ClassRecord240309.java,ClassRecord240309,"buildGroup/3[ComponentGroup,BuilderT,Context]",context,1
/tf/main/nbs/test_data/test_metrics/ClassRecord240309.java,ClassRecord240309,"buildGroup/3[ComponentGroup,BuilderT,Context]",group,1
/tf/main/nbs/test_data/test_metrics/ClassRecord264000.java,ClassRecord264000,toJson/0,jsonObject,10
/tf/main/nbs/test_data/test_metrics/ClassRecord65056.java,ClassRecord65056,"setActiveProfile/2[IProfile,boolean]",isCurrentSelectedProfile,1
/tf/main/nbs/test_data/test_metrics/ClassRecord65056.java,ClassRecord65056,"setActiveProfile/2[IProfile,boolean]",profile,3
/tf/main/nbs/test_data/test_metrics/ClassRecord65056.java,ClassRecord65056,"setActiveProfile/2[IProfile,boolean]",fireOnProfileChanged,1
/tf/main/nbs/test_data/test_metrics/ClassRecord276041.java,ClassRecord276041,"quickSort/4[double[],double[],int,int]",linkedArray,3
/tf/main/nbs/test_data/test_metrics/ClassRecord276041.java,ClassRecord276041,"quickSort/4[double[],double[],int,int]",middle,2
/tf/main/nbs/test_data/test_metrics/ClassRecord276041.java,ClassRecord276041,"quickSort/4[double[],double[],int,int]",left,3
/tf/main/nbs/test_data/test_metrics/ClassRecord276041.java,ClassRecord276041,"quickSort/4[double[],double[],int,int]",arrayToSort,3
/tf/main/nbs/test_data/test_metrics/ClassRecord276041.java,ClassRecord276041,"quickSort/4[double[],double[],int,int]",right,3
/tf/main/nbs/test_data/test_metrics/ClassRecord315801.java,ClassRecord315801,cordToIndex/1[DataPointPair<java.lang.Integer>],dataPoint,1
/tf/main/nbs/test_data/test_metrics/ClassRecord315801.java,ClassRecord315801,cordToIndex/1[DataPointPair<java.lang.Integer>],index,3
/tf/main/nbs/test_data/test_metrics/ClassRecord315801.java,ClassRecord315801,cordToIndex/1[DataPointPair<java.lang.Integer>],i,4
/tf/main/nbs/test_data/test_metrics/ClassRecord315801.java,ClassRecord315801,cordToIndex/1[DataPointPair<java.lang.Integer>],dp,1
/tf/main/nbs/test_data/test_metrics/ClassRecord454979.java,ClassRecord454979,readSource/1[java.lang.String],br,1
/tf/main/nbs/test_data/test_metrics/ClassRecord454979.java,ClassRecord454979,readSource/1[java.lang.String],input,1
/tf/main/nbs/test_data/test_metrics/ClassRecord454979.java,ClassRecord454979,readSource/1[java.lang.String],fis,1
/tf/main/nbs/test_data/test_metrics/ClassRecord454979.java,ClassRecord454979,readSource/1[java.lang.String],e,1
/tf/main/nbs/test_data/test_metrics/ClassRecord454979.java,ClassRecord454979,readSource/1[java.lang.String],line,2
/tf/main/nbs/test_data/test_metrics/ClassRecord454979.java,ClassRecord454979,readSource/1[java.lang.String],sb,2
/tf/main/nbs/test_data/test_metrics/ClassRecord454979.java,ClassRecord454979,readSource/1[java.lang.String],dis,2
/tf/main/nbs/test_data/test_metrics/ClassRecord402924.java,ClassRecord402924,getBean/1[java.lang.String],setContextMethod,1
/tf/main/nbs/test_data/test_metrics/ClassRecord402924.java,ClassRecord402924,getBean/1[java.lang.String],instance,2
/tf/main/nbs/test_data/test_metrics/ClassRecord402924.java,ClassRecord402924,getBean/1[java.lang.String],e,0
/tf/main/nbs/test_data/test_metrics/ClassRecord402924.java,ClassRecord402924,getBean/1[java.lang.String],constructor,1
/tf/main/nbs/test_data/test_metrics/ClassRecord402924.java,ClassRecord402924,getBean/1[java.lang.String],className,2
/tf/main/nbs/test_data/test_metrics/ClassRecord402924.java,ClassRecord402924,getBean/1[java.lang.String],clazz,3
/tf/main/nbs/test_data/test_metrics/ClassRecord124199.java,ClassRecord124199,goToStep/1[MaterialStep],materialStep,2
/tf/main/nbs/test_data/test_metrics/ClassRecord124199.java,ClassRecord124199,goToStep/1[MaterialStep],w,2
/tf/main/nbs/test_data/test_metrics/ClassRecord124199.java,ClassRecord124199,goToStep/1[MaterialStep],i,4
/tf/main/nbs/test_data/test_metrics/ClassRecord124199.java,ClassRecord124199,goToStep/1[MaterialStep],active,2
/tf/main/nbs/test_data/test_metrics/ClassRecord124199.java,ClassRecord124199,goToStep/1[MaterialStep],step,1
/tf/main/nbs/test_data/test_metrics/ClassRecord213435.java,ClassRecord213435,"create/3[GeometryIndexService,java.lang.String,int[]]",instance,3
/tf/main/nbs/test_data/test_metrics/ClassRecord213435.java,ClassRecord213435,"create/3[GeometryIndexService,java.lang.String,int[]]",values,3
/tf/main/nbs/test_data/test_metrics/ClassRecord213435.java,ClassRecord213435,"create/3[GeometryIndexService,java.lang.String,int[]]",type,3
/tf/main/nbs/test_data/test_metrics/ClassRecord457584.java,ClassRecord457584,query/1[CubeQuery],e,4
/tf/main/nbs/test_data/test_metrics/ClassRecord457584.java,ClassRecord457584,query/1[CubeQuery],cubeQuery,5
/tf/main/nbs/test_data/test_metrics/ClassRecord457584.java,ClassRecord457584,query/1[CubeQuery],queryResult,0
/tf/main/nbs/test_data/test_metrics/ClassRecord457584.java,ClassRecord457584,query/1[CubeQuery],queryStarted,1
/tf/main/nbs/test_data/test_metrics/ClassRecord457584.java,ClassRecord457584,query/1[CubeQuery],queryClassLoader,1
/tf/main/nbs/test_data/test_metrics/ClassRecord179069.java,ClassRecord179069,eUnset/1[int],featureID,2
/tf/main/nbs/test_data/test_metrics/ClassRecord102165.java,ClassRecord102165,stopConsumers/1[java.lang.Class<? extends Consumer>],consumerHolderSubList,1
/tf/main/nbs/test_data/test_metrics/ClassRecord102165.java,ClassRecord102165,stopConsumers/1[java.lang.Class<? extends Consumer>],consumerClass,1
/tf/main/nbs/test_data/test_metrics/ClassRecord341726.java,ClassRecord341726,getResourcesWithLeafName/1[java.lang.String],lastSlashIdx,1
/tf/main/nbs/test_data/test_metrics/ClassRecord341726.java,ClassRecord341726,getResourcesWithLeafName/1[java.lang.String],leafName,1
/tf/main/nbs/test_data/test_metrics/ClassRecord341726.java,ClassRecord341726,getResourcesWithLeafName/1[java.lang.String],relativePath,2
/tf/main/nbs/test_data/test_metrics/ClassRecord341726.java,ClassRecord341726,getResourcesWithLeafName/1[java.lang.String],filteredResources,2
/tf/main/nbs/test_data/test_metrics/ClassRecord341726.java,ClassRecord341726,getResourcesWithLeafName/1[java.lang.String],allWhitelistedResources,2
/tf/main/nbs/test_data/test_metrics/ClassRecord341726.java,ClassRecord341726,getResourcesWithLeafName/1[java.lang.String],classpathResource,2
/tf/main/nbs/test_data/test_metrics/ClassRecord345929.java,ClassRecord345929,and/1[Link[]],links,2
/tf/main/nbs/test_data/test_metrics/ClassRecord383306.java,ClassRecord383306,"validateBlockFile/2[int,Block]",b,1
/tf/main/nbs/test_data/test_metrics/ClassRecord383306.java,ClassRecord383306,"validateBlockFile/2[int,Block]",namespaceId,1
/tf/main/nbs/test_data/test_metrics/ClassRecord77250.java,ClassRecord77250,contains/1[Expression<java.lang.String>],str,1
/tf/main/nbs/test_data/test_metrics/ClassRecord284398.java,ClassRecord284398,toEmptyCassandraRDD/0,newRDD,1
/tf/main/nbs/test_data/test_metrics/ClassRecord205490.java,ClassRecord205490,"asInteger/3[java.lang.Object,int,int]",min,4
/tf/main/nbs/test_data/test_metrics/ClassRecord205490.java,ClassRecord205490,"asInteger/3[java.lang.Object,int,int]",max,4
/tf/main/nbs/test_data/test_metrics/ClassRecord205490.java,ClassRecord205490,"asInteger/3[java.lang.Object,int,int]",l,2
/tf/main/nbs/test_data/test_metrics/ClassRecord205490.java,ClassRecord205490,"asInteger/3[java.lang.Object,int,int]",value,16
/tf/main/nbs/test_data/test_metrics/ClassRecord475480.java,ClassRecord475480,getLastDayOfMonth/1[Date],date,1
/tf/main/nbs/test_data/test_metrics/ClassRecord475480.java,ClassRecord475480,getLastDayOfMonth/1[Date],firstDate,1
/tf/main/nbs/test_data/test_metrics/ClassRecord475480.java,ClassRecord475480,getLastDayOfMonth/1[Date],ca,3
/tf/main/nbs/test_data/test_metrics/ClassRecord351312.java,ClassRecord351312,keypointInternal/0,exc,6
/tf/main/nbs/test_data/test_metrics/ClassRecord60508.java,ClassRecord60508,"floatingPointValueToFix/2[byte,byte[]]",flags,2
/tf/main/nbs/test_data/test_metrics/ClassRecord60508.java,ClassRecord60508,"floatingPointValueToFix/2[byte,byte[]]",value,1
/tf/main/nbs/test_data/test_metrics/ClassRecord449098.java,ClassRecord449098,"getFieldAsByte/2[int,int]",b,1
/tf/main/nbs/test_data/test_metrics/ClassRecord449098.java,ClassRecord449098,"getFieldAsByte/2[int,int]",index,1
/tf/main/nbs/test_data/test_metrics/ClassRecord449098.java,ClassRecord449098,"getFieldAsByte/2[int,int]",i,1
/tf/main/nbs/test_data/test_metrics/ClassRecord449098.java,ClassRecord449098,"getFieldAsByte/2[int,int]",tag,1
/tf/main/nbs/test_data/test_metrics/ClassRecord368628.java,ClassRecord368628,saveScreenState/0,child,3
/tf/main/nbs/test_data/test_metrics/ClassRecord138157.java,ClassRecord138157,"addPolicy/2[File,java.lang.String]",e,1
/tf/main/nbs/test_data/test_metrics/ClassRecord138157.java,ClassRecord138157,"addPolicy/2[File,java.lang.String]",f,1
/tf/main/nbs/test_data/test_metrics/ClassRecord138157.java,ClassRecord138157,"addPolicy/2[File,java.lang.String]",name,1
/tf/main/nbs/test_data/test_metrics/ClassRecord141891.java,ClassRecord141891,setSelectedItem/1[MusicElement],r,2
/tf/main/nbs/test_data/test_metrics/ClassRecord141891.java,ClassRecord141891,setSelectedItem/1[MusicElement],elmnt,2
/tf/main/nbs/test_data/test_metrics/ClassRecord478221.java,ClassRecord478221,getComponentType/0,type,2
/tf/main/nbs/test_data/test_metrics/ClassRecord125519.java,ClassRecord125519,createJavaSchemaRDD/1[ExtractorConfig<Cells>],schema,1
/tf/main/nbs/test_data/test_metrics/ClassRecord125519.java,ClassRecord125519,createJavaSchemaRDD/1[ExtractorConfig<Cells>],e,1
/tf/main/nbs/test_data/test_metrics/ClassRecord125519.java,ClassRecord125519,createJavaSchemaRDD/1[ExtractorConfig<Cells>],firstCells,1
/tf/main/nbs/test_data/test_metrics/ClassRecord125519.java,ClassRecord125519,createJavaSchemaRDD/1[ExtractorConfig<Cells>],rowsRDD,1
/tf/main/nbs/test_data/test_metrics/ClassRecord125519.java,ClassRecord125519,createJavaSchemaRDD/1[ExtractorConfig<Cells>],config,1
/tf/main/nbs/test_data/test_metrics/ClassRecord125519.java,ClassRecord125519,createJavaSchemaRDD/1[ExtractorConfig<Cells>],cellsRDD,2
/tf/main/nbs/test_data/test_metrics/ClassRecord107881.java,ClassRecord107881,buildBridgeURL/1[GetSnapshotHistoryTaskParameters],pageNumber,3
/tf/main/nbs/test_data/test_metrics/ClassRecord107881.java,ClassRecord107881,buildBridgeURL/1[GetSnapshotHistoryTaskParameters],snapshotId,1
/tf/main/nbs/test_data/test_metrics/ClassRecord107881.java,ClassRecord107881,buildBridgeURL/1[GetSnapshotHistoryTaskParameters],pageSize,4
/tf/main/nbs/test_data/test_metrics/ClassRecord107881.java,ClassRecord107881,buildBridgeURL/1[GetSnapshotHistoryTaskParameters],taskParams,3
/tf/main/nbs/test_data/test_metrics/ClassRecord476193.java,ClassRecord476193,"getPeopleWithMultivaluedAttributes/2[Map<java.lang.String,List<java.lang.Object>>,IPersonAttributeDaoFilter]",personAttributeValues,2
/tf/main/nbs/test_data/test_metrics/ClassRecord476193.java,ClassRecord476193,"getPeopleWithMultivaluedAttributes/2[Map<java.lang.String,List<java.lang.Object>>,IPersonAttributeDaoFilter]",personAttributeString,1
/tf/main/nbs/test_data/test_metrics/ClassRecord476193.java,ClassRecord476193,"getPeopleWithMultivaluedAttributes/2[Map<java.lang.String,List<java.lang.Object>>,IPersonAttributeDaoFilter]",queryEntry,2
/tf/main/nbs/test_data/test_metrics/ClassRecord476193.java,ClassRecord476193,"getPeopleWithMultivaluedAttributes/2[Map<java.lang.String,List<java.lang.Object>>,IPersonAttributeDaoFilter]",personAttributeValue,2
/tf/main/nbs/test_data/test_metrics/ClassRecord476193.java,ClassRecord476193,"getPeopleWithMultivaluedAttributes/2[Map<java.lang.String,List<java.lang.Object>>,IPersonAttributeDaoFilter]",attributeCanidatePersons,3
/tf/main/nbs/test_data/test_metrics/ClassRecord476193.java,ClassRecord476193,"getPeopleWithMultivaluedAttributes/2[Map<java.lang.String,List<java.lang.Object>>,IPersonAttributeDaoFilter]",query,1
/tf/main/nbs/test_data/test_metrics/ClassRecord476193.java,ClassRecord476193,"getPeopleWithMultivaluedAttributes/2[Map<java.lang.String,List<java.lang.Object>>,IPersonAttributeDaoFilter]",attributeMissPersons,3
/tf/main/nbs/test_data/test_metrics/ClassRecord476193.java,ClassRecord476193,"getPeopleWithMultivaluedAttributes/2[Map<java.lang.String,List<java.lang.Object>>,IPersonAttributeDaoFilter]",personAttributeMatcher,1
/tf/main/nbs/test_data/test_metrics/ClassRecord476193.java,ClassRecord476193,"getPeopleWithMultivaluedAttributes/2[Map<java.lang.String,List<java.lang.Object>>,IPersonAttributeDaoFilter]",personsForAttribute,2
/tf/main/nbs/test_data/test_metrics/ClassRecord476193.java,ClassRecord476193,"getPeopleWithMultivaluedAttributes/2[Map<java.lang.String,List<java.lang.Object>>,IPersonAttributeDaoFilter]",queryPattern,1
/tf/main/nbs/test_data/test_metrics/ClassRecord476193.java,ClassRecord476193,"getPeopleWithMultivaluedAttributes/2[Map<java.lang.String,List<java.lang.Object>>,IPersonAttributeDaoFilter]",entryValue,2
/tf/main/nbs/test_data/test_metrics/ClassRecord476193.java,ClassRecord476193,"getPeopleWithMultivaluedAttributes/2[Map<java.lang.String,List<java.lang.Object>>,IPersonAttributeDaoFilter]",queryString,1
/tf/main/nbs/test_data/test_metrics/ClassRecord476193.java,ClassRecord476193,"getPeopleWithMultivaluedAttributes/2[Map<java.lang.String,List<java.lang.Object>>,IPersonAttributeDaoFilter]",userName,1
/tf/main/nbs/test_data/test_metrics/ClassRecord476193.java,ClassRecord476193,"getPeopleWithMultivaluedAttributes/2[Map<java.lang.String,List<java.lang.Object>>,IPersonAttributeDaoFilter]",canidatePersons,6
/tf/main/nbs/test_data/test_metrics/ClassRecord476193.java,ClassRecord476193,"getPeopleWithMultivaluedAttributes/2[Map<java.lang.String,List<java.lang.Object>>,IPersonAttributeDaoFilter]",canidateItr,3
/tf/main/nbs/test_data/test_metrics/ClassRecord476193.java,ClassRecord476193,"getPeopleWithMultivaluedAttributes/2[Map<java.lang.String,List<java.lang.Object>>,IPersonAttributeDaoFilter]",filter,0
/tf/main/nbs/test_data/test_metrics/ClassRecord476193.java,ClassRecord476193,"getPeopleWithMultivaluedAttributes/2[Map<java.lang.String,List<java.lang.Object>>,IPersonAttributeDaoFilter]",entry,2
/tf/main/nbs/test_data/test_metrics/ClassRecord476193.java,ClassRecord476193,"getPeopleWithMultivaluedAttributes/2[Map<java.lang.String,List<java.lang.Object>>,IPersonAttributeDaoFilter]",person,3
/tf/main/nbs/test_data/test_metrics/ClassRecord476193.java,ClassRecord476193,"getPeopleWithMultivaluedAttributes/2[Map<java.lang.String,List<java.lang.Object>>,IPersonAttributeDaoFilter]",foundMatch,2
/tf/main/nbs/test_data/test_metrics/ClassRecord476193.java,ClassRecord476193,"getPeopleWithMultivaluedAttributes/2[Map<java.lang.String,List<java.lang.Object>>,IPersonAttributeDaoFilter]",firstAttribute,2
/tf/main/nbs/test_data/test_metrics/ClassRecord476193.java,ClassRecord476193,"getPeopleWithMultivaluedAttributes/2[Map<java.lang.String,List<java.lang.Object>>,IPersonAttributeDaoFilter]",name,5
/tf/main/nbs/test_data/test_metrics/ClassRecord476193.java,ClassRecord476193,"getPeopleWithMultivaluedAttributes/2[Map<java.lang.String,List<java.lang.Object>>,IPersonAttributeDaoFilter]",entryKey,3
/tf/main/nbs/test_data/test_metrics/ClassRecord476193.java,ClassRecord476193,"getPeopleWithMultivaluedAttributes/2[Map<java.lang.String,List<java.lang.Object>>,IPersonAttributeDaoFilter]",entryValues,3
/tf/main/nbs/test_data/test_metrics/ClassRecord476193.java,ClassRecord476193,"getPeopleWithMultivaluedAttributes/2[Map<java.lang.String,List<java.lang.Object>>,IPersonAttributeDaoFilter]",canidate,1
/tf/main/nbs/test_data/test_metrics/ClassRecord10002.java,ClassRecord10002,"localResponseNormalization/2[SDVariable,LocalResponseNormalizationConfig]",inputs,1
/tf/main/nbs/test_data/test_metrics/ClassRecord10002.java,ClassRecord10002,"localResponseNormalization/2[SDVariable,LocalResponseNormalizationConfig]",lrnConfig,1
/tf/main/nbs/test_data/test_metrics/ClassRecord174510.java,ClassRecord174510,"createFromGrossAmount/2[ICurrencyValue,IVATItem]",eCurrency,1
/tf/main/nbs/test_data/test_metrics/ClassRecord174510.java,ClassRecord174510,"createFromGrossAmount/2[ICurrencyValue,IVATItem]",aPCS,2
/tf/main/nbs/test_data/test_metrics/ClassRecord174510.java,ClassRecord174510,"createFromGrossAmount/2[ICurrencyValue,IVATItem]",aGrossAmount,3
/tf/main/nbs/test_data/test_metrics/ClassRecord174510.java,ClassRecord174510,"createFromGrossAmount/2[ICurrencyValue,IVATItem]",aVATItem,1
/tf/main/nbs/test_data/test_metrics/ClassRecord231100.java,ClassRecord231100,decide/1[ILoggingEvent],marker,2
/tf/main/nbs/test_data/test_metrics/ClassRecord231100.java,ClassRecord231100,decide/1[ILoggingEvent],event,1
/tf/main/nbs/test_data/test_metrics/ClassRecord139320.java,ClassRecord139320,isLocked/1[int],handle,2
/tf/main/nbs/test_data/test_metrics/ClassRecord27747.java,ClassRecord27747,newInputStream/1[java.lang.String],path,2
/tf/main/nbs/test_data/test_metrics/ClassRecord424073.java,ClassRecord424073,"doGet/3[java.lang.String,HttpResponse,Map<java.lang.String,java.lang.Object>]",headers,1
/tf/main/nbs/test_data/test_metrics/ClassRecord424073.java,ClassRecord424073,"doGet/3[java.lang.String,HttpResponse,Map<java.lang.String,java.lang.Object>]",response,1
/tf/main/nbs/test_data/test_metrics/ClassRecord424073.java,ClassRecord424073,"doGet/3[java.lang.String,HttpResponse,Map<java.lang.String,java.lang.Object>]",url,1
/tf/main/nbs/test_data/test_metrics/ClassRecord189666.java,ClassRecord189666,getRpcExporter/1[HttpServletRequest],context,6
/tf/main/nbs/test_data/test_metrics/ClassRecord189666.java,ClassRecord189666,getRpcExporter/1[HttpServletRequest],serviceExporter,2
/tf/main/nbs/test_data/test_metrics/ClassRecord189666.java,ClassRecord189666,getRpcExporter/1[HttpServletRequest],httpServletRequest,1
/tf/main/nbs/test_data/test_metrics/ClassRecord280319.java,ClassRecord280319,getChain/1[InetAddress],result,3
/tf/main/nbs/test_data/test_metrics/ClassRecord280319.java,ClassRecord280319,getChain/1[InetAddress],node,1
/tf/main/nbs/test_data/test_metrics/ClassRecord280319.java,ClassRecord280319,getChain/1[InetAddress],iaddr,2
/tf/main/nbs/test_data/test_metrics/ClassRecord84298.java,ClassRecord84298,withEndpoints/1[Endpoint[]],endpoints,4
/tf/main/nbs/test_data/test_metrics/ClassRecord84298.java,ClassRecord84298,withEndpoints/1[Endpoint[]],ele,1
/tf/main/nbs/test_data/test_metrics/ClassRecord243954.java,ClassRecord243954,createPreset/1[CreatePresetRequest],request,3
/tf/main/nbs/test_data/test_metrics/ClassRecord33210.java,ClassRecord33210,"getMacAddress/2[InetAddress,java.lang.String]",s,4
/tf/main/nbs/test_data/test_metrics/ClassRecord33210.java,ClassRecord33210,"getMacAddress/2[InetAddress,java.lang.String]",inetAddress,2
/tf/main/nbs/test_data/test_metrics/ClassRecord33210.java,ClassRecord33210,"getMacAddress/2[InetAddress,java.lang.String]",e,1
/tf/main/nbs/test_data/test_metrics/ClassRecord33210.java,ClassRecord33210,"getMacAddress/2[InetAddress,java.lang.String]",i,4
/tf/main/nbs/test_data/test_metrics/ClassRecord33210.java,ClassRecord33210,"getMacAddress/2[InetAddress,java.lang.String]",separator,1
/tf/main/nbs/test_data/test_metrics/ClassRecord33210.java,ClassRecord33210,"getMacAddress/2[InetAddress,java.lang.String]",mac,4
/tf/main/nbs/test_data/test_metrics/ClassRecord33210.java,ClassRecord33210,"getMacAddress/2[InetAddress,java.lang.String]",sb,3
/tf/main/nbs/test_data/test_metrics/ClassRecord301667.java,ClassRecord301667$Anonymous1,call/1[ServiceResponse<Page<SecretItem>>],response,1
/tf/main/nbs/test_data/test_metrics/ClassRecord301667.java,ClassRecord301667,"getSecretVersionsAsync/2[java.lang.String,java.lang.String]",secretName,1
/tf/main/nbs/test_data/test_metrics/ClassRecord301667.java,ClassRecord301667,"getSecretVersionsAsync/2[java.lang.String,java.lang.String]",vaultBaseUrl,1
/tf/main/nbs/test_data/test_metrics/ClassRecord126608.java,ClassRecord126608,"store/3[java.lang.String,java.lang.String,java.lang.String]",eventCollection,1
/tf/main/nbs/test_data/test_metrics/ClassRecord126608.java,ClassRecord126608,"store/3[java.lang.String,java.lang.String,java.lang.String]",cacheFile,2
/tf/main/nbs/test_data/test_metrics/ClassRecord126608.java,ClassRecord126608,"store/3[java.lang.String,java.lang.String,java.lang.String]",writer,3
/tf/main/nbs/test_data/test_metrics/ClassRecord126608.java,ClassRecord126608,"store/3[java.lang.String,java.lang.String,java.lang.String]",event,1
/tf/main/nbs/test_data/test_metrics/ClassRecord126608.java,ClassRecord126608,"store/3[java.lang.String,java.lang.String,java.lang.String]",projectId,1
/tf/main/nbs/test_data/test_metrics/ClassRecord126608.java,ClassRecord126608,"store/3[java.lang.String,java.lang.String,java.lang.String]",collectionCacheDir,1
/tf/main/nbs/test_data/test_metrics/ClassRecord126608.java,ClassRecord126608,"store/3[java.lang.String,java.lang.String,java.lang.String]",timestamp,1
/tf/main/nbs/test_data/test_metrics/ClassRecord126608.java,ClassRecord126608,"store/3[java.lang.String,java.lang.String,java.lang.String]",out,1
/tf/main/nbs/test_data/test_metrics/ClassRecord5968.java,ClassRecord5968,"configureAuthAndBuildClient/2[ClientBuilder,List<Stage.ConfigIssue>]",clientBuilder,2
/tf/main/nbs/test_data/test_metrics/ClassRecord5968.java,ClassRecord5968,"configureAuthAndBuildClient/2[ClientBuilder,List<Stage.ConfigIssue>]",consumerSecret,1
/tf/main/nbs/test_data/test_metrics/ClassRecord5968.java,ClassRecord5968,"configureAuthAndBuildClient/2[ClientBuilder,List<Stage.ConfigIssue>]",password,1
/tf/main/nbs/test_data/test_metrics/ClassRecord5968.java,ClassRecord5968,"configureAuthAndBuildClient/2[ClientBuilder,List<Stage.ConfigIssue>]",e,1
/tf/main/nbs/test_data/test_metrics/ClassRecord5968.java,ClassRecord5968,"configureAuthAndBuildClient/2[ClientBuilder,List<Stage.ConfigIssue>]",consumerKey,1
/tf/main/nbs/test_data/test_metrics/ClassRecord5968.java,ClassRecord5968,"configureAuthAndBuildClient/2[ClientBuilder,List<Stage.ConfigIssue>]",issues,9
/tf/main/nbs/test_data/test_metrics/ClassRecord5968.java,ClassRecord5968,"configureAuthAndBuildClient/2[ClientBuilder,List<Stage.ConfigIssue>]",tokenSecret,1
/tf/main/nbs/test_data/test_metrics/ClassRecord5968.java,ClassRecord5968,"configureAuthAndBuildClient/2[ClientBuilder,List<Stage.ConfigIssue>]",token,1
/tf/main/nbs/test_data/test_metrics/ClassRecord5968.java,ClassRecord5968,"configureAuthAndBuildClient/2[ClientBuilder,List<Stage.ConfigIssue>]",username,1
/tf/main/nbs/test_data/test_metrics/ClassRecord332640.java,ClassRecord332640,verifyEmail/1[VerifyEmailRequest],request,4
/tf/main/nbs/test_data/test_metrics/ClassRecord332640.java,ClassRecord332640,verifyEmail/1[VerifyEmailRequest],internalRequest,1
/tf/main/nbs/test_data/test_metrics/ClassRecord79454.java,ClassRecord79454,"tag/2[List<java.lang.String>,boolean]",at,2
/tf/main/nbs/test_data/test_metrics/ClassRecord79454.java,ClassRecord79454,"tag/2[List<java.lang.String>,boolean]",sentenceTokens,1
/tf/main/nbs/test_data/test_metrics/ClassRecord79454.java,ClassRecord79454,"tag/2[List<java.lang.String>,boolean]",ignoreCase,1
/tf/main/nbs/test_data/test_metrics/ClassRecord79454.java,ClassRecord79454,"tag/2[List<java.lang.String>,boolean]",i,3
/tf/main/nbs/test_data/test_metrics/ClassRecord79454.java,ClassRecord79454,"tag/2[List<java.lang.String>,boolean]",reading,7
/tf/main/nbs/test_data/test_metrics/ClassRecord79454.java,ClassRecord79454,"tag/2[List<java.lang.String>,boolean]",tokens,3
/tf/main/nbs/test_data/test_metrics/ClassRecord79454.java,ClassRecord79454,"tag/2[List<java.lang.String>,boolean]",replacementReading,2
/tf/main/nbs/test_data/test_metrics/ClassRecord386887.java,ClassRecord386887,main/1[java.lang.String[]],args,0
/tf/main/nbs/test_data/test_metrics/ClassRecord386887.java,ClassRecord386887,main/1[java.lang.String[]],f,1
/tf/main/nbs/test_data/test_metrics/ClassRecord158527.java,ClassRecord158527,close/0,hBuffer,6
/tf/main/nbs/test_data/test_metrics/ClassRecord158527.java,ClassRecord158527,close/0,read,3
/tf/main/nbs/test_data/test_metrics/ClassRecord158527.java,ClassRecord158527,close/0,in,2
/tf/main/nbs/test_data/test_metrics/ClassRecord158527.java,ClassRecord158527,close/0,limit,5
/tf/main/nbs/test_data/test_metrics/ClassRecord158527.java,ClassRecord158527,close/0,buffer,7
/tf/main/nbs/test_data/test_metrics/ClassRecord158527.java,ClassRecord158527,close/0,out,2
/tf/main/nbs/test_data/test_metrics/ClassRecord33156.java,ClassRecord33156,"followedBy/1[Pattern<T,F>]",group,1
