EA1.txt,EA140.txt
EA1.txt,EA141.txt
EA1.txt,EA142.txt
EA1.txt,EA143.txt
EA1.txt,EA150.txt
EA1.txt,EA151.txt
EA1.txt,EA156.txt
EA1.txt,EA157.txt
EA1.txt,EA166.txt
EA1.txt,EA177.txt
EA1.txt,EA184.txt
EA2.txt,EA140.txt
EA2.txt,EA141.txt
EA2.txt,EA142.txt
EA2.txt,EA144.txt
EA2.txt,EA145.txt
EA2.txt,EA146.txt
EA2.txt,EA147.txt
EA2.txt,EA150.txt
EA2.txt,EA153.txt
EA2.txt,EA154.txt
EA2.txt,EA155.txt
EA2.txt,EA156.txt
EA2.txt,EA166.txt
EA2.txt,EA177.txt
EA2.txt,EA185.txt
EA3.txt,EA140.txt
EA3.txt,EA141.txt
EA3.txt,EA142.txt
EA3.txt,EA150.txt
EA3.txt,EA158.txt
EA3.txt,EA161.txt
EA3.txt,EA162.txt
EA3.txt,EA166.txt
EA3.txt,EA177.txt
EA3.txt,EA184.txt
EA4.txt,EA140.txt
EA4.txt,EA141.txt
EA4.txt,EA144.txt
EA4.txt,EA145.txt
EA4.txt,EA146.txt
EA4.txt,EA147.txt
EA4.txt,EA150.txt
EA4.txt,EA153.txt
EA4.txt,EA154.txt
EA4.txt,EA156.txt
EA4.txt,EA157.txt
EA4.txt,EA159.txt
EA4.txt,EA163.txt
EA4.txt,EA164.txt
EA4.txt,EA166.txt
EA4.txt,EA172.txt
EA4.txt,EA181.txt
EA4.txt,EA189.txt
EA4.txt,EA193.txt
EA5.txt,EA140.txt
EA5.txt,EA141.txt
EA5.txt,EA142.txt
EA5.txt,EA150.txt
EA5.txt,EA156.txt
EA5.txt,EA157.txt
EA5.txt,EA158.txt
EA5.txt,EA161.txt
EA5.txt,EA162.txt
EA5.txt,EA166.txt
EA5.txt,EA173.txt
EA6.txt,EA140.txt
EA6.txt,EA141.txt
EA6.txt,EA144.txt
EA6.txt,EA145.txt
EA6.txt,EA146.txt
EA6.txt,EA147.txt
EA6.txt,EA150.txt
EA6.txt,EA153.txt
EA6.txt,EA154.txt
EA6.txt,EA156.txt
EA6.txt,EA157.txt
EA6.txt,EA159.txt
EA6.txt,EA163.txt
EA6.txt,EA164.txt
EA6.txt,EA166.txt
EA6.txt,EA175.txt
EA6.txt,EA189.txt
EA6.txt,EA193.txt
EA7.txt,EA140.txt
EA7.txt,EA141.txt
EA7.txt,EA142.txt
EA7.txt,EA150.txt
EA7.txt,EA156.txt
EA7.txt,EA157.txt
EA7.txt,EA158.txt
EA7.txt,EA161.txt
EA7.txt,EA162.txt
EA7.txt,EA166.txt
EA7.txt,EA176.txt
EA8.txt,EA140.txt
EA8.txt,EA141.txt
EA8.txt,EA142.txt
EA8.txt,EA143.txt
EA8.txt,EA150.txt
EA8.txt,EA151.txt
EA8.txt,EA156.txt
EA8.txt,EA157.txt
EA8.txt,EA166.txt
EA8.txt,EA178.txt
EA8.txt,EA184.txt
EA9.txt,EA140.txt
EA9.txt,EA141.txt
EA9.txt,EA142.txt
EA9.txt,EA144.txt
EA9.txt,EA145.txt
EA9.txt,EA146.txt
EA9.txt,EA147.txt
EA9.txt,EA150.txt
EA9.txt,EA153.txt
EA9.txt,EA154.txt
EA9.txt,EA155.txt
EA9.txt,EA156.txt
EA9.txt,EA166.txt
EA9.txt,EA178.txt
EA9.txt,EA185.txt
EA10.txt,EA140.txt
EA10.txt,EA141.txt
EA10.txt,EA142.txt
EA10.txt,EA150.txt
EA10.txt,EA158.txt
EA10.txt,EA161.txt
EA10.txt,EA162.txt
EA10.txt,EA166.txt
EA10.txt,EA178.txt
EA10.txt,EA184.txt
EA11.txt,EA140.txt
EA11.txt,EA141.txt
EA11.txt,EA144.txt
EA11.txt,EA145.txt
EA11.txt,EA146.txt
EA11.txt,EA147.txt
EA11.txt,EA153.txt
EA11.txt,EA154.txt
EA11.txt,EA156.txt
EA11.txt,EA157.txt
EA11.txt,EA159.txt
EA11.txt,EA163.txt
EA11.txt,EA164.txt
EA11.txt,EA166.txt
EA11.txt,EA181.txt
EA11.txt,EA189.txt
EA11.txt,EA193.txt
EA12.txt,EA141.txt
EA12.txt,EA142.txt
EA12.txt,EA143.txt
EA12.txt,EA150.txt
EA12.txt,EA151.txt
EA12.txt,EA156.txt
EA12.txt,EA157.txt
EA12.txt,EA166.txt
EA12.txt,EA180.txt
EA12.txt,EA188.txt
EA13.txt,EA141.txt
EA13.txt,EA142.txt
EA13.txt,EA146.txt
EA13.txt,EA147.txt
EA13.txt,EA150.txt
EA13.txt,EA154.txt
EA13.txt,EA156.txt
EA13.txt,EA157.txt
EA13.txt,EA166.txt
EA13.txt,EA181.txt
EA13.txt,EA189.txt
EA14.txt,EA140.txt
EA14.txt,EA141.txt
EA14.txt,EA150.txt
EA14.txt,EA156.txt
EA14.txt,EA157.txt
EA14.txt,EA158.txt
EA14.txt,EA161.txt
EA14.txt,EA162.txt
EA14.txt,EA166.txt
EA14.txt,EA182.txt
EA14.txt,EA190.txt
EA15.txt,EA140.txt
EA15.txt,EA141.txt
EA15.txt,EA150.txt
EA15.txt,EA156.txt
EA15.txt,EA157.txt
EA15.txt,EA158.txt
EA15.txt,EA161.txt
EA15.txt,EA162.txt
EA15.txt,EA166.txt
EA15.txt,EA182.txt
EA15.txt,EA190.txt
EA16.txt,EA141.txt
EA16.txt,EA142.txt
EA16.txt,EA143.txt
EA16.txt,EA150.txt
EA16.txt,EA151.txt
EA16.txt,EA156.txt
EA16.txt,EA157.txt
EA16.txt,EA166.txt
EA16.txt,EA179.txt
EA16.txt,EA180.txt
EA16.txt,EA186.txt
EA16.txt,EA188.txt
EA17.txt,EA140.txt
EA17.txt,EA141.txt
EA17.txt,EA146.txt
EA17.txt,EA147.txt
EA17.txt,EA150.txt
EA17.txt,EA154.txt
EA17.txt,EA156.txt
EA17.txt,EA157.txt
EA17.txt,EA166.txt
EA17.txt,EA179.txt
EA17.txt,EA181.txt
EA17.txt,EA186.txt
EA18.txt,EA140.txt
EA18.txt,EA141.txt
EA18.txt,EA150.txt
EA18.txt,EA156.txt
EA18.txt,EA157.txt
EA18.txt,EA158.txt
EA18.txt,EA161.txt
EA18.txt,EA162.txt
EA18.txt,EA166.txt
EA18.txt,EA179.txt
EA18.txt,EA190.txt
EA19.txt,EA140.txt
EA19.txt,EA141.txt
EA19.txt,EA144.txt
EA19.txt,EA145.txt
EA19.txt,EA146.txt
EA19.txt,EA147.txt
EA19.txt,EA150.txt
EA19.txt,EA153.txt
EA19.txt,EA154.txt
EA19.txt,EA156.txt
EA19.txt,EA157.txt
EA19.txt,EA166.txt
EA19.txt,EA186.txt
EA19.txt,EA189.txt
EA20.txt,EA141.txt
EA20.txt,EA142.txt
EA20.txt,EA143.txt
EA20.txt,EA150.txt
EA20.txt,EA151.txt
EA20.txt,EA156.txt
EA20.txt,EA157.txt
EA20.txt,EA166.txt
EA20.txt,EA186.txt
EA21.txt,EA140.txt
EA21.txt,EA141.txt
EA21.txt,EA144.txt
EA21.txt,EA145.txt
EA21.txt,EA146.txt
EA21.txt,EA147.txt
EA21.txt,EA150.txt
EA21.txt,EA153.txt
EA21.txt,EA154.txt
EA21.txt,EA156.txt
EA21.txt,EA157.txt
EA21.txt,EA159.txt
EA21.txt,EA163.txt
EA21.txt,EA164.txt
EA21.txt,EA166.txt
EA21.txt,EA187.txt
EA21.txt,EA189.txt
EA22.txt,EA140.txt
EA22.txt,EA141.txt
EA22.txt,EA144.txt
EA22.txt,EA145.txt
EA22.txt,EA146.txt
EA22.txt,EA147.txt
EA22.txt,EA150.txt
EA22.txt,EA153.txt
EA22.txt,EA154.txt
EA22.txt,EA156.txt
EA22.txt,EA157.txt
EA22.txt,EA159.txt
EA22.txt,EA163.txt
EA22.txt,EA164.txt
EA22.txt,EA166.txt
EA22.txt,EA189.txt
EA23.txt,EA156.txt
EA23.txt,EA157.txt
EA23.txt,EA158.txt
EA23.txt,EA161.txt
EA23.txt,EA162.txt
EA23.txt,EA190.txt
EA24.txt,EA144.txt
EA24.txt,EA145.txt
EA24.txt,EA146.txt
EA24.txt,EA147.txt
EA24.txt,EA148.txt
EA24.txt,EA149.txt
EA24.txt,EA152.txt
EA24.txt,EA153.txt
EA24.txt,EA154.txt
EA24.txt,EA155.txt
EA24.txt,EA156.txt
EA24.txt,EA157.txt
EA24.txt,EA159.txt
EA24.txt,EA160.txt
EA24.txt,EA163.txt
EA24.txt,EA164.txt
EA24.txt,EA165.txt
EA24.txt,EA166.txt
EA24.txt,EA167.txt
EA24.txt,EA168.txt
EA24.txt,EA170.txt
EA24.txt,EA181.txt
EA24.txt,EA183.txt
EA24.txt,EA191.txt
EA24.txt,EA192.txt
EA24.txt,EA193.txt
EA24.txt,EA194.txt
EA25.txt,EA144.txt
EA25.txt,EA145.txt
EA25.txt,EA146.txt
EA25.txt,EA147.txt
EA25.txt,EA148.txt
EA25.txt,EA149.txt
EA25.txt,EA152.txt
EA25.txt,EA153.txt
EA25.txt,EA154.txt
EA25.txt,EA155.txt
EA25.txt,EA156.txt
EA25.txt,EA157.txt
EA25.txt,EA159.txt
EA25.txt,EA160.txt
EA25.txt,EA163.txt
EA25.txt,EA164.txt
EA25.txt,EA165.txt
EA25.txt,EA166.txt
EA25.txt,EA167.txt
EA25.txt,EA168.txt
EA25.txt,EA170.txt
EA25.txt,EA181.txt
EA25.txt,EA183.txt
EA25.txt,EA191.txt
EA25.txt,EA192.txt
EA25.txt,EA193.txt
EA25.txt,EA194.txt
EA26.txt,EA144.txt
EA26.txt,EA145.txt
EA26.txt,EA146.txt
EA26.txt,EA147.txt
EA26.txt,EA149.txt
EA26.txt,EA153.txt
EA26.txt,EA154.txt
EA26.txt,EA155.txt
EA26.txt,EA156.txt
EA26.txt,EA157.txt
EA26.txt,EA159.txt
EA26.txt,EA160.txt
EA26.txt,EA163.txt
EA26.txt,EA164.txt
EA26.txt,EA165.txt
EA26.txt,EA166.txt
EA26.txt,EA167.txt
EA26.txt,EA170.txt
EA26.txt,EA191.txt
EA26.txt,EA192.txt
EA26.txt,EA193.txt
EA26.txt,EA194.txt
EA27.txt,EA144.txt
EA27.txt,EA145.txt
EA27.txt,EA146.txt
EA27.txt,EA147.txt
EA27.txt,EA153.txt
EA27.txt,EA154.txt
EA27.txt,EA155.txt
EA27.txt,EA156.txt
EA27.txt,EA157.txt
EA27.txt,EA160.txt
EA27.txt,EA165.txt
EA27.txt,EA166.txt
EA27.txt,EA194.txt
EA28.txt,EA144.txt
EA28.txt,EA145.txt
EA28.txt,EA146.txt
EA28.txt,EA147.txt
EA28.txt,EA153.txt
EA28.txt,EA154.txt
EA28.txt,EA155.txt
EA28.txt,EA156.txt
EA28.txt,EA157.txt
EA28.txt,EA160.txt
EA28.txt,EA165.txt
EA28.txt,EA166.txt
EA28.txt,EA194.txt
EA29.txt,EA144.txt
EA29.txt,EA145.txt
EA29.txt,EA146.txt
EA29.txt,EA147.txt
EA29.txt,EA153.txt
EA29.txt,EA154.txt
EA29.txt,EA155.txt
EA29.txt,EA156.txt
EA29.txt,EA157.txt
EA29.txt,EA160.txt
EA29.txt,EA165.txt
EA29.txt,EA166.txt
EA29.txt,EA194.txt
EA30.txt,EA144.txt
EA30.txt,EA145.txt
EA30.txt,EA146.txt
EA30.txt,EA147.txt
EA30.txt,EA153.txt
EA30.txt,EA154.txt
EA30.txt,EA156.txt
EA30.txt,EA157.txt
EA30.txt,EA159.txt
EA30.txt,EA160.txt
EA30.txt,EA163.txt
EA30.txt,EA164.txt
EA30.txt,EA165.txt
EA30.txt,EA166.txt
EA30.txt,EA192.txt
EA31.txt,EA144.txt
EA31.txt,EA145.txt
EA31.txt,EA146.txt
EA31.txt,EA147.txt
EA31.txt,EA153.txt
EA31.txt,EA154.txt
EA31.txt,EA156.txt
EA31.txt,EA157.txt
EA31.txt,EA159.txt
EA31.txt,EA160.txt
EA31.txt,EA163.txt
EA31.txt,EA164.txt
EA31.txt,EA165.txt
EA31.txt,EA166.txt
EA31.txt,EA191.txt
EA31.txt,EA192.txt
EA32.txt,EA144.txt
EA32.txt,EA145.txt
EA32.txt,EA146.txt
EA32.txt,EA147.txt
EA32.txt,EA153.txt
EA32.txt,EA154.txt
EA32.txt,EA156.txt
EA32.txt,EA157.txt
EA32.txt,EA159.txt
EA32.txt,EA160.txt
EA32.txt,EA163.txt
EA32.txt,EA164.txt
EA32.txt,EA165.txt
EA32.txt,EA166.txt
EA32.txt,EA191.txt
EA32.txt,EA192.txt
EA33.txt,EA149.txt
EA33.txt,EA166.txt
EA33.txt,EA169.txt
EA34.txt,EA149.txt
EA34.txt,EA166.txt
EA34.txt,EA169.txt
EA36.txt,EA144.txt
EA36.txt,EA145.txt
EA36.txt,EA146.txt
EA36.txt,EA147.txt
EA36.txt,EA153.txt
EA36.txt,EA154.txt
EA36.txt,EA156.txt
EA36.txt,EA157.txt
EA36.txt,EA159.txt
EA36.txt,EA163.txt
EA36.txt,EA164.txt
EA36.txt,EA166.txt
EA36.txt,EA193.txt
EA37.txt,EA144.txt
EA37.txt,EA145.txt
EA37.txt,EA146.txt
EA37.txt,EA147.txt
EA37.txt,EA153.txt
EA37.txt,EA154.txt
EA37.txt,EA156.txt
EA37.txt,EA157.txt
EA37.txt,EA159.txt
EA37.txt,EA160.txt
EA37.txt,EA163.txt
EA37.txt,EA164.txt
EA37.txt,EA165.txt
EA37.txt,EA166.txt
EA37.txt,EA192.txt
EA38.txt,EA144.txt
EA38.txt,EA145.txt
EA38.txt,EA146.txt
EA38.txt,EA147.txt
EA38.txt,EA153.txt
EA38.txt,EA154.txt
EA38.txt,EA156.txt
EA38.txt,EA157.txt
EA38.txt,EA159.txt
EA38.txt,EA160.txt
EA38.txt,EA163.txt
EA38.txt,EA164.txt
EA38.txt,EA165.txt
EA38.txt,EA166.txt
EA38.txt,EA192.txt
EA41.txt,EA144.txt
EA41.txt,EA145.txt
EA41.txt,EA146.txt
EA41.txt,EA147.txt
EA41.txt,EA153.txt
EA41.txt,EA154.txt
EA41.txt,EA156.txt
EA41.txt,EA157.txt
EA41.txt,EA160.txt
EA41.txt,EA165.txt
EA41.txt,EA166.txt
EA41.txt,EA191.txt
EA41.txt,EA194.txt
EA138.txt,EA140.txt
EA138.txt,EA141.txt
EA138.txt,EA142.txt
EA138.txt,EA143.txt
EA138.txt,EA144.txt
EA138.txt,EA145.txt
EA138.txt,EA146.txt
EA138.txt,EA147.txt
EA138.txt,EA148.txt
EA138.txt,EA149.txt
EA138.txt,EA150.txt
EA138.txt,EA151.txt
EA138.txt,EA152.txt
EA138.txt,EA153.txt
EA138.txt,EA154.txt
EA138.txt,EA155.txt
EA138.txt,EA156.txt
EA138.txt,EA157.txt
EA138.txt,EA158.txt
EA138.txt,EA159.txt
EA138.txt,EA160.txt
EA138.txt,EA161.txt
EA138.txt,EA162.txt
EA138.txt,EA163.txt
EA138.txt,EA164.txt
EA138.txt,EA165.txt
EA138.txt,EA166.txt
EA138.txt,EA167.txt
EA138.txt,EA168.txt
EA138.txt,EA169.txt
EA138.txt,EA170.txt
EA138.txt,EA171.txt
EA138.txt,EA172.txt
EA138.txt,EA173.txt
EA138.txt,EA174.txt
EA138.txt,EA175.txt
EA138.txt,EA176.txt
EA138.txt,EA177.txt
EA138.txt,EA178.txt
EA138.txt,EA179.txt
EA138.txt,EA180.txt
EA138.txt,EA181.txt
EA138.txt,EA182.txt
EA138.txt,EA183.txt
EA138.txt,EA184.txt
EA138.txt,EA185.txt
EA138.txt,EA186.txt
EA138.txt,EA187.txt
EA138.txt,EA188.txt
EA138.txt,EA189.txt
EA138.txt,EA190.txt
EA138.txt,EA191.txt
EA138.txt,EA192.txt
EA138.txt,EA193.txt
EA138.txt,EA194.txt
